{
"lengthUnit": "mil",
"components": {
	"fields": ["COMPONENT_NO", "COMPONENT_NAME", "LAYER", "X_COORDINATE", "Y_COORDINATE", "ANGLE"],
	"rows": [
		[1, "4.7kR", "T", 3353.38, -1860.11, 90],
		[2, "4.7kRN1", "T", 2823.38, -1860.11, 90],
		[3, "10uF", "T", 2851.01, -2163.25, 90],
		[4, "32.768kHz", "T", 2945.59, -2199.37, 180],
		[5, "150R", "T", 3338.91, -2159.96, 90],
		[6, "CR2032", "T", 3105, -1190, 90],
		[7, "H1", "T", 3081.98, -2541.74, 0],
		[8, "LED", "T", 3091.52, -2051.9, 180],
		[9, "PCF8563", "T", 3090.59, -1859.37, 270],
		[10, "SS14", "T", 2933.74, -2374.7, 0],
		[11, "SS14N1", "T", 3274.96, -2379.11, 0]
	]
},
"pins": {
	"fields": ["PIN_NO", "PIN_NAME", "PIN_X", "PIN_Y", "LAYER", "PIN_TYPE", "NET_NAME", "NET_TYPE", "PAD_SHAPE", "PAD_SIZEX", "PAD_SIZEY", "HOLE_SIZE", "PAD_ANGLE"],
	"rows": [
		[1, "4.7kR_1", 3353.38, -1899.48, "T", "SMD", "SDA", "", "R", 44.59, 54.21, 0, 90],
		[2, "4.7kR_2", 3353.38, -1820.74, "T", "SMD", "$1N517", "", "R", 44.59, 54.21, 0, 90],
		[3, "4.7kRN1_1", 2823.38, -1899.48, "T", "SMD", "SCL", "", "R", 44.59, 54.21, 0, 90],
		[4, "4.7kRN1_2", 2823.38, -1820.74, "T", "SMD", "$1N518", "", "R", 44.59, 54.21, 0, 90],
		[5, "10uF_1", 2851.01, -2202.62, "T", "SMD", "$1N521", "", "R", 55.51, 53.15, 0, 90],
		[6, "10uF_2", 2851.01, -2123.88, "T", "SMD", "GND", "GND", "R", 55.51, 53.15, 0, 90],
		[7, "32.768kHz_1", 2945.59, -2219.05, "T", "DIP", "$1N515", "", "C", 31.5, 31.5, 19.69, 90],
		[8, "32.768kHz_1", 2945.59, -2219.05, "B", "DIP", "$1N515", "", "C", 31.5, 31.5, 19.69, 90],
		[9, "32.768kHz_2", 2945.59, -2179.68, "T", "DIP", "$1N514", "", "C", 31.5, 31.5, 19.69, 90],
		[10, "32.768kHz_2", 2945.59, -2179.68, "B", "DIP", "$1N514", "", "C", 31.5, 31.5, 19.69, 90],
		[11, "150R_1", 3338.91, -2199.33, "T", "SMD", "$1N525", "", "R", 44.59, 54.21, 0, 90],
		[12, "150R_2", 3338.91, -2120.59, "T", "SMD", "$1N524", "", "R", 44.59, 54.21, 0, 90],
		[13, "CR2032_1", 3105, -1583.7, "T", "DIP", "GND", "GND", "C", 70.87, 70.87, 47.24, 90],
		[14, "CR2032_1", 3105, -1583.7, "B", "DIP", "GND", "GND", "C", 70.87, 70.87, 47.24, 90],
		[15, "CR2032_2", 3105, -796.3, "T", "DIP", "$1N524", "", "C", 70.87, 70.87, 47.24, 90],
		[16, "CR2032_2", 3105, -796.3, "B", "DIP", "$1N524", "", "C", 70.87, 70.87, 47.24, 90],
		[17, "H1_1", 2931.98, -2541.74, "T", "DIP", "IN+", "", "R", 66.93, 66.93, 43.31, 0],
		[18, "H1_1", 2931.98, -2541.74, "B", "DIP", "IN+", "", "R", 66.93, 66.93, 43.31, 0],
		[19, "H1_2", 3031.98, -2541.74, "T", "DIP", "SDA", "", "C", 66.93, 66.93, 43.31, 0],
		[20, "H1_2", 3031.98, -2541.74, "B", "DIP", "SDA", "", "C", 66.93, 66.93, 43.31, 0],
		[21, "H1_3", 3131.98, -2541.74, "T", "DIP", "SCL", "", "C", 66.93, 66.93, 43.31, 0],
		[22, "H1_3", 3131.98, -2541.74, "B", "DIP", "SCL", "", "C", 66.93, 66.93, 43.31, 0],
		[23, "H1_4", 3231.98, -2541.74, "T", "DIP", "GND", "GND", "C", 66.93, 66.93, 43.31, 0],
		[24, "H1_4", 3231.98, -2541.74, "B", "DIP", "GND", "GND", "C", 66.93, 66.93, 43.31, 0],
		[25, "LED_1", 3050.17, -2051.9, "T", "SMD", "$1N525", "", "R", 39.37, 55.1, 0, 0],
		[26, "LED_2", 3132.87, -2051.9, "T", "SMD", "GND", "GND", "R", 39.37, 55.1, 0, 0],
		[27, "PCF8563_1", 2984.09, -1784.37, "T", "SMD", "$1N515", "", "O", 22.38, 76.78, 0, 270],
		[28, "PCF8563_2", 2984.09, -1834.37, "T", "SMD", "$1N514", "", "O", 22.38, 76.78, 0, 270],
		[29, "PCF8563_3", 2984.09, -1884.37, "T", "SMD", "PCF8563_3", "", "O", 22.38, 76.78, 0, 270],
		[30, "PCF8563_4", 2984.09, -1934.37, "T", "SMD", "GND", "GND", "O", 22.38, 76.78, 0, 270],
		[31, "PCF8563_5", 3197.09, -1934.37, "T", "SMD", "$1N517", "", "O", 22.38, 76.78, 0, 270],
		[32, "PCF8563_6", 3197.09, -1884.37, "T", "SMD", "$1N518", "", "O", 22.38, 76.78, 0, 270],
		[33, "PCF8563_7", 3197.09, -1834.37, "T", "SMD", "PCF8563_7", "", "O", 22.38, 76.78, 0, 270],
		[34, "PCF8563_8", 3197.09, -1784.37, "T", "SMD", "$1N521", "", "O", 22.38, 76.78, 0, 270],
		[35, "SS14_1", 2832.74, -2374.7, "T", "SMD", "$1N521", "", "R", 86.61, 66.93, 0, 360],
		[36, "SS14_2", 3034.74, -2374.7, "T", "SMD", "$1N524", "", "R", 86.61, 66.93, 0, 360],
		[37, "SS14N1_1", 3173.96, -2379.11, "T", "SMD", "$1N521", "", "R", 86.61, 66.93, 0, 0],
		[38, "SS14N1_2", 3375.96, -2379.11, "T", "SMD", "IN+", "", "R", 86.61, 66.93, 0, 0]
	]
}
}