{
"lengthUnit": "mil",
"remark": [],
"components": {
	"fields": ["COMPONENT_NO", "COMPONENT_NAME", "LAYER", "X_COORDINATE", "Y_COORDINATE", "ANGLE"],
	"rows": [
		[1, "1.5MR", "T", 1267.675, -665.326, 270],
		[2, "4.7uF", "T", 890.307, -642.791, 0],
		[3, "4.7uH", "T", 888.6455, -797.791, 0],
		[4, "10uF", "T", 1110.633, -640.956, 0],
		[5, "470kR", "T", 1268.305, -817.791, 90],
		[6, "MCP1624", "T", 1110, -805, 180],
		[7, "SS14", "T", 1480, -665, 0],
		[8, "SS14", "T", 1480, -820, 0],
		[9, "U2", "T", 565, -700, 0],
		[10, "PAD1", "T", 929.677, -642.791, 0],
		[11, "PAD2", "T", 850.937, -642.791, 0],
		[12, "PAD3", "T", 1150.003, -640.956, 0],
		[13, "PAD4", "T", 1071.263, -640.956, 0],
		[14, "PAD5", "T", 822.7005, -797.791, 0],
		[15, "PAD6", "T", 954.5905, -797.791, 0],
		[16, "PAD7", "T", 1267.675, -704.696, 0],
		[17, "PAD8", "T", 1267.675, -625.956, 0],
		[18, "PAD9", "T", 1268.305, -778.421, 0],
		[19, "PAD10", "T", 1268.305, -857.161, 0],
		[20, "PAD11", "T", 1056.85, -842.4, 0],
		[21, "PAD12", "T", 1056.85, -805, 0],
		[22, "PAD13", "T", 1056.85, -767.6, 0],
		[23, "PAD14", "T", 1163.15, -767.6, 0],
		[24, "PAD15", "T", 1163.15, -805, 0],
		[25, "PAD16", "T", 1163.15, -842.4, 0],
		[26, "PAD17", "T", 675, -640, 0],
		[27, "PAD18", "T", 675, -740, 0],
		[28, "PAD19", "T", 675, -840, 0],
		[29, "PAD20", "T", 1379, -665, 0],
		[30, "PAD21", "T", 1581, -665, 0],
		[31, "PAD22", "T", 1379, -820, 0],
		[32, "PAD23", "T", 1581, -820, 0]
	]
},
"pins": {
	"fields": ["PIN_NO", "PIN_NAME", "PIN_X", "PIN_Y", "LAYER", "PIN_TYPE", "NET_NAME", "NET_TYPE", "PAD_SHAPE", "PAD_SIZEX", "PAD_SIZEY", "HOLE_SIZE", "HOLE_LEN", "PAD_ANGLE"],
	"rows": [
		[1, "1.5MR_1", 1267.675, -625.956, "T", "SMD", "$1N468", "", "R", 44.588, 54.213, 0, 0, 270],
		[2, "1.5MR_2", 1267.675, -704.696, "T", "SMD", "OUT+", "", "R", 44.588, 54.213, 0, 0, 270],
		[3, "4.7uF_1", 850.937, -642.791, "T", "SMD", "GND", "GND", "R", 55.512, 53.15, 0, 0, 0],
		[4, "4.7uF_2", 929.677, -642.791, "T", "SMD", "IN+", "", "R", 55.512, 53.15, 0, 0, 0],
		[5, "4.7uH_1", 822.7005, -797.791, "T", "SMD", "IN+", "", "R", 177.165, 74.803, 0, 0, 90],
		[6, "4.7uH_2", 954.5905, -797.791, "T", "SMD", "$1N470", "", "R", 177.165, 74.803, 0, 0, 90],
		[7, "10uF_1", 1071.263, -640.956, "T", "SMD", "GND", "GND", "R", 55.512, 53.15, 0, 0, 0],
		[8, "10uF_2", 1150.003, -640.956, "T", "SMD", "OUT+", "", "R", 55.512, 53.15, 0, 0, 0],
		[9, "470kR_1", 1268.305, -857.161, "T", "SMD", "GND", "GND", "R", 44.588, 54.213, 0, 0, 90],
		[10, "470kR_2", 1268.305, -778.421, "T", "SMD", "$1N468", "", "R", 44.588, 54.213, 0, 0, 90],
		[11, "MCP1624_1", 1056.85, -767.6, "T", "SMD", "$1N470", "", "R", 43.307, 23.622, 0, 0, 180],
		[12, "MCP1624_2", 1056.85, -805, "T", "SMD", "GND", "GND", "R", 43.307, 23.622, 0, 0, 180],
		[13, "MCP1624_3", 1056.85, -842.4, "T", "SMD", "IN+", "", "R", 43.307, 23.622, 0, 0, 180],
		[14, "MCP1624_4", 1163.15, -842.4, "T", "SMD", "$1N468", "", "R", 43.307, 23.622, 0, 0, 180],
		[15, "MCP1624_5", 1163.15, -805, "T", "SMD", "OUT+", "", "R", 43.307, 23.622, 0, 0, 180],
		[16, "MCP1624_6", 1163.15, -767.6, "T", "SMD", "IN+", "", "R", 43.307, 23.622, 0, 0, 180],
		[17, "SS14_1", 1379, -665, "T", "SMD", "IN+", "", "R", 86.614, 66.929, 0, 0, 0],
		[18, "SS14_2", 1581, -665, "T", "SMD", "$1N1400", "", "R", 86.614, 66.929, 0, 0, 0],
		[19, "SS14_1", 1379, -820, "T", "SMD", "$1N1430", "", "R", 86.614, 66.929, 0, 0, 0],
		[20, "SS14_2", 1581, -820, "T", "SMD", "OUT+", "", "R", 86.614, 66.929, 0, 0, 0],
		[21, "U2_1", 675, -640, "T", "SMD", "$1N1400", "", "R", 124.8031, 46.063, 0, 0, 0],
		[22, "U2_2", 675, -740, "T", "SMD", "$1N1430", "", "R", 124.8031, 46.063, 0, 0, 0],
		[23, "U2_3", 675, -840, "T", "SMD", "GND", "GND", "R", 124.8031, 46.063, 0, 0, 0],
		[24, "PAD1_2", 929.677, -642.791, "T", "SMD", "IN+", "", "R", 55.512, 53.15, 0, 0, 0],
		[25, "PAD2_1", 850.937, -642.791, "T", "SMD", "GND", "GND", "R", 55.512, 53.15, 0, 0, 0],
		[26, "PAD3_2", 1150.003, -640.956, "T", "SMD", "OUT+", "", "R", 55.512, 53.15, 0, 0, 0],
		[27, "PAD4_1", 1071.263, -640.956, "T", "SMD", "GND", "GND", "R", 55.512, 53.15, 0, 0, 0],
		[28, "PAD5_1", 822.7005, -797.791, "T", "SMD", "IN+", "", "R", 177.165, 74.803, 0, 0, 90],
		[29, "PAD6_2", 954.5905, -797.791, "T", "SMD", "$1N470", "", "R", 177.165, 74.803, 0, 0, 90],
		[30, "PAD7_2", 1267.675, -704.696, "T", "SMD", "OUT+", "", "R", 44.588, 54.213, 0, 0, 270],
		[31, "PAD8_1", 1267.675, -625.956, "T", "SMD", "$1N468", "", "R", 44.588, 54.213, 0, 0, 270],
		[32, "PAD9_2", 1268.305, -778.421, "T", "SMD", "$1N468", "", "R", 44.588, 54.213, 0, 0, 90],
		[33, "PAD10_1", 1268.305, -857.161, "T", "SMD", "GND", "GND", "R", 44.588, 54.213, 0, 0, 90],
		[34, "PAD11_3", 1056.85, -842.4, "T", "SMD", "IN+", "", "R", 43.307, 23.622, 0, 0, 180],
		[35, "PAD12_2", 1056.85, -805, "T", "SMD", "GND", "GND", "R", 43.307, 23.622, 0, 0, 180],
		[36, "PAD13_1", 1056.85, -767.6, "T", "SMD", "$1N470", "", "R", 43.307, 23.622, 0, 0, 180],
		[37, "PAD14_6", 1163.15, -767.6, "T", "SMD", "IN+", "", "R", 43.307, 23.622, 0, 0, 180],
		[38, "PAD15_5", 1163.15, -805, "T", "SMD", "OUT+", "", "R", 43.307, 23.622, 0, 0, 180],
		[39, "PAD16_4", 1163.15, -842.4, "T", "SMD", "$1N468", "", "R", 43.307, 23.622, 0, 0, 180],
		[40, "PAD17_1", 675, -640, "T", "SMD", "$1N1400", "", "R", 124.8031, 46.063, 0, 0, 0],
		[41, "PAD18_2", 675, -740, "T", "SMD", "$1N1430", "", "R", 124.8031, 46.063, 0, 0, 0],
		[42, "PAD19_3", 675, -840, "T", "SMD", "GND", "GND", "R", 124.8031, 46.063, 0, 0, 0],
		[43, "PAD20_1", 1379, -665, "T", "SMD", "IN+", "", "R", 86.614, 66.929, 0, 0, 0],
		[44, "PAD21_2", 1581, -665, "T", "SMD", "$1N1400", "", "R", 86.614, 66.929, 0, 0, 0],
		[45, "PAD22_1", 1379, -820, "T", "SMD", "$1N1430", "", "R", 86.614, 66.929, 0, 0, 0],
		[46, "PAD23_2", 1581, -820, "T", "SMD", "OUT+", "", "R", 86.614, 66.929, 0, 0, 0]
	]
}
}