{
"lengthUnit": "mil",
"remark": [],
"components": {
	"fields": ["COMPONENT_NO", "COMPONENT_NAME", "LAYER", "X_COORDINATE", "Y_COORDINATE", "ANGLE"],
	"rows": [
		[1, "10kR", "T", 2160.077, -1434.456, 0],
		[2, "10kR", "T", 1990, -1475, 0],
		[3, "10kR", "T", 1650.077, -1435.25, 0],
		[4, "10kR", "T", 1820.077, -1476.3635, 0],
		[5, "10uF", "T", 1906.775, -1306.46, 90],
		[6, "100nF", "T", 2141.214, -1062.09, 0],
		[7, "100nF", "T", 1665, -1060, 0],
		[8, "100nF", "T", 1907.396, -1102.09, 0],
		[9, "H1", "T", 1905, -1770, 0],
		[10, "L9110", "T", 2105, -1245, 270],
		[11, "L9110", "T", 1700, -1245, 270],
		[12, "MOTOR1", "T", 1690, -885, 0],
		[13, "MOTOR2", "T", 2120, -885, 0],
		[14, "SS14", "T", 1905.8673, -874.9982, 90],
		[15, "PAD1", "T", 2180.584, -1062.09, 0],
		[16, "PAD2", "T", 2101.844, -1062.09, 0],
		[17, "PAD3", "T", 1704.37, -1060, 0],
		[18, "PAD4", "T", 1625.63, -1060, 0],
		[19, "PAD5", "T", 1906.775, -1267.09, 0],
		[20, "PAD6", "T", 1906.775, -1345.83, 0],
		[21, "PAD7", "T", 1946.766, -1102.09, 0],
		[22, "PAD8", "T", 1868.026, -1102.09, 0],
		[23, "PAD9", "T", 1650.63, -885, 0],
		[24, "PAD9", "B", 1650.63, -885, 0],
		[25, "PAD10", "T", 1729.37, -885, 0],
		[26, "PAD10", "B", 1729.37, -885, 0],
		[27, "PAD11", "T", 2080.63, -885, 0],
		[28, "PAD11", "B", 2080.63, -885, 0],
		[29, "PAD12", "T", 2159.37, -885, 0],
		[30, "PAD12", "B", 2159.37, -885, 0],
		[31, "PAD13", "T", 2155, -1770, 0],
		[32, "PAD13", "B", 2155, -1770, 0],
		[33, "PAD14", "T", 2055, -1770, 0],
		[34, "PAD14", "B", 2055, -1770, 0],
		[35, "PAD15", "T", 1955, -1770, 0],
		[36, "PAD15", "B", 1955, -1770, 0],
		[37, "PAD16", "T", 1855, -1770, 0],
		[38, "PAD16", "B", 1855, -1770, 0],
		[39, "PAD17", "T", 1755, -1770, 0],
		[40, "PAD17", "B", 1755, -1770, 0],
		[41, "PAD18", "T", 1655, -1770, 0],
		[42, "PAD18", "B", 1655, -1770, 0],
		[43, "PAD19", "T", 2199.447, -1434.456, 0],
		[44, "PAD20", "T", 2120.707, -1434.456, 0],
		[45, "PAD21", "T", 2029.37, -1475, 0],
		[46, "PAD22", "T", 1950.63, -1475, 0],
		[47, "PAD23", "T", 1689.447, -1435.25, 0],
		[48, "PAD24", "T", 1610.707, -1435.25, 0],
		[49, "PAD25", "T", 1859.447, -1476.3635, 0],
		[50, "PAD26", "T", 1780.707, -1476.3635, 0],
		[51, "PAD27", "T", 1999.39, -1170, 0],
		[52, "PAD28", "T", 1999.39, -1220, 0],
		[53, "PAD29", "T", 1999.39, -1270, 0],
		[54, "PAD30", "T", 1999.39, -1320, 0],
		[55, "PAD31", "T", 2210.61, -1170, 0],
		[56, "PAD32", "T", 2210.61, -1220, 0],
		[57, "PAD33", "T", 2210.61, -1270, 0],
		[58, "PAD34", "T", 2210.61, -1320, 0],
		[59, "PAD35", "T", 1594.39, -1170, 0],
		[60, "PAD36", "T", 1594.39, -1220, 0],
		[61, "PAD37", "T", 1594.39, -1270, 0],
		[62, "PAD38", "T", 1594.39, -1320, 0],
		[63, "PAD39", "T", 1805.61, -1170, 0],
		[64, "PAD40", "T", 1805.61, -1220, 0],
		[65, "PAD41", "T", 1805.61, -1270, 0],
		[66, "PAD42", "T", 1805.61, -1320, 0],
		[67, "PAD43", "T", 1905.8673, -975.9982, 0],
		[68, "PAD44", "T", 1905.8673, -773.9982, 0]
	]
},
"pins": {
	"fields": ["PIN_NO", "PIN_NAME", "PIN_X", "PIN_Y", "LAYER", "PIN_TYPE", "NET_NAME", "NET_TYPE", "PAD_SHAPE", "PAD_SIZEX", "PAD_SIZEY", "HOLE_SIZE", "HOLE_LEN", "PAD_ANGLE"],
	"rows": [
		[1, "10kR_1", 2120.707, -1434.456, "T", "SMD", "IB1", "", "R", 44.588, 54.213, 0, 0, 0],
		[2, "10kR_2", 2199.447, -1434.456, "T", "SMD", "VCC", "", "R", 44.588, 54.213, 0, 0, 0],
		[3, "10kR_1", 1950.63, -1475, "T", "SMD", "IA1", "", "R", 44.588, 54.213, 0, 0, 0],
		[4, "10kR_2", 2029.37, -1475, "T", "SMD", "VCC", "", "R", 44.588, 54.213, 0, 0, 0],
		[5, "10kR_1", 1610.707, -1435.25, "T", "SMD", "IB2", "", "R", 44.588, 54.213, 0, 0, 0],
		[6, "10kR_2", 1689.447, -1435.25, "T", "SMD", "VCC", "", "R", 44.588, 54.213, 0, 0, 0],
		[7, "10kR_1", 1780.707, -1476.3635, "T", "SMD", "IA2", "", "R", 44.588, 54.213, 0, 0, 0],
		[8, "10kR_2", 1859.447, -1476.3635, "T", "SMD", "VCC", "", "R", 44.588, 54.213, 0, 0, 0],
		[9, "10uF_1", 1906.775, -1345.83, "T", "SMD", "GND", "GND", "R", 55.512, 53.15, 0, 0, 90],
		[10, "10uF_2", 1906.775, -1267.09, "T", "SMD", "VCC", "", "R", 55.512, 53.15, 0, 0, 90],
		[11, "100nF_1", 2101.844, -1062.09, "T", "SMD", "$1N559", "", "R", 55.512, 53.15, 0, 0, 0],
		[12, "100nF_2", 2180.584, -1062.09, "T", "SMD", "$1N560", "", "R", 55.512, 53.15, 0, 0, 0],
		[13, "100nF_1", 1625.63, -1060, "T", "SMD", "$1N558", "", "R", 55.512, 53.15, 0, 0, 0],
		[14, "100nF_2", 1704.37, -1060, "T", "SMD", "$1N557", "", "R", 55.512, 53.15, 0, 0, 0],
		[15, "100nF_1", 1868.026, -1102.09, "T", "SMD", "GND", "GND", "R", 55.512, 53.15, 0, 0, 0],
		[16, "100nF_2", 1946.766, -1102.09, "T", "SMD", "VCC", "", "R", 55.512, 53.15, 0, 0, 0],
		[17, "H1_1", 1655, -1770, "T", "DIP", "IB1", "", "R", 70.866, 70.866, 47.244, 47.244, 0],
		[18, "H1_1", 1655, -1770, "B", "DIP", "IB1", "", "R", 70.866, 70.866, 47.244, 47.244, 0],
		[19, "H1_2", 1755, -1770, "T", "DIP", "IA1", "", "C", 70.866, 70.866, 47.244, 47.244, 0],
		[20, "H1_2", 1755, -1770, "B", "DIP", "IA1", "", "C", 70.866, 70.866, 47.244, 47.244, 0],
		[21, "H1_3", 1855, -1770, "T", "DIP", "$1N754", "", "C", 70.866, 70.866, 47.244, 47.244, 0],
		[22, "H1_3", 1855, -1770, "B", "DIP", "$1N754", "", "C", 70.866, 70.866, 47.244, 47.244, 0],
		[23, "H1_4", 1955, -1770, "T", "DIP", "GND", "GND", "C", 70.866, 70.866, 47.244, 47.244, 0],
		[24, "H1_4", 1955, -1770, "B", "DIP", "GND", "GND", "C", 70.866, 70.866, 47.244, 47.244, 0],
		[25, "H1_5", 2055, -1770, "T", "DIP", "IB2", "", "C", 70.866, 70.866, 47.244, 47.244, 0],
		[26, "H1_5", 2055, -1770, "B", "DIP", "IB2", "", "C", 70.866, 70.866, 47.244, 47.244, 0],
		[27, "H1_6", 2155, -1770, "T", "DIP", "IA2", "", "C", 70.866, 70.866, 47.244, 47.244, 0],
		[28, "H1_6", 2155, -1770, "B", "DIP", "IA2", "", "C", 70.866, 70.866, 47.244, 47.244, 0],
		[29, "L9110_1", 1999.39, -1170, "T", "SMD", "$1N560", "", "O", 24.803, 73.425, 0, 0, 270],
		[30, "L9110_2", 1999.39, -1220, "T", "SMD", "VCC", "", "O", 24.803, 73.425, 0, 0, 270],
		[31, "L9110_3", 1999.39, -1270, "T", "SMD", "VCC", "", "O", 24.803, 73.425, 0, 0, 270],
		[32, "L9110_4", 1999.39, -1320, "T", "SMD", "$1N559", "", "O", 24.803, 73.425, 0, 0, 270],
		[33, "L9110_5", 2210.61, -1320, "T", "SMD", "GND", "GND", "O", 24.803, 73.425, 0, 0, 270],
		[34, "L9110_6", 2210.61, -1270, "T", "SMD", "IA1", "", "O", 24.803, 73.425, 0, 0, 270],
		[35, "L9110_7", 2210.61, -1220, "T", "SMD", "IB1", "", "O", 24.803, 73.425, 0, 0, 270],
		[36, "L9110_8", 2210.61, -1170, "T", "SMD", "GND", "GND", "O", 24.803, 73.425, 0, 0, 270],
		[37, "L9110_1", 1594.39, -1170, "T", "SMD", "$1N557", "", "O", 24.803, 73.425, 0, 0, 270],
		[38, "L9110_2", 1594.39, -1220, "T", "SMD", "VCC", "", "O", 24.803, 73.425, 0, 0, 270],
		[39, "L9110_3", 1594.39, -1270, "T", "SMD", "VCC", "", "O", 24.803, 73.425, 0, 0, 270],
		[40, "L9110_4", 1594.39, -1320, "T", "SMD", "$1N558", "", "O", 24.803, 73.425, 0, 0, 270],
		[41, "L9110_5", 1805.61, -1320, "T", "SMD", "GND", "GND", "O", 24.803, 73.425, 0, 0, 270],
		[42, "L9110_6", 1805.61, -1270, "T", "SMD", "IA2", "", "O", 24.803, 73.425, 0, 0, 270],
		[43, "L9110_7", 1805.61, -1220, "T", "SMD", "IB2", "", "O", 24.803, 73.425, 0, 0, 270],
		[44, "L9110_8", 1805.61, -1170, "T", "SMD", "GND", "GND", "O", 24.803, 73.425, 0, 0, 270],
		[45, "MOTOR1_1", 1729.37, -885, "T", "DIP", "$1N560", "", "C", 62.992, 62.992, 35.434, 35.434, 180],
		[46, "MOTOR1_1", 1729.37, -885, "B", "DIP", "$1N560", "", "C", 62.992, 62.992, 35.434, 35.434, 180],
		[47, "MOTOR1_2", 1650.63, -885, "T", "DIP", "$1N559", "", "C", 62.992, 62.992, 35.434, 35.434, 180],
		[48, "MOTOR1_2", 1650.63, -885, "B", "DIP", "$1N559", "", "C", 62.992, 62.992, 35.434, 35.434, 180],
		[49, "MOTOR2_1", 2159.37, -885, "T", "DIP", "$1N557", "", "C", 62.992, 62.992, 35.434, 35.434, 180],
		[50, "MOTOR2_1", 2159.37, -885, "B", "DIP", "$1N557", "", "C", 62.992, 62.992, 35.434, 35.434, 180],
		[51, "MOTOR2_2", 2080.63, -885, "T", "DIP", "$1N558", "", "C", 62.992, 62.992, 35.434, 35.434, 180],
		[52, "MOTOR2_2", 2080.63, -885, "B", "DIP", "$1N558", "", "C", 62.992, 62.992, 35.434, 35.434, 180],
		[53, "SS14_1", 1905.8673, -975.9982, "T", "SMD", "VCC", "", "R", 86.614, 66.929, 0, 0, 90],
		[54, "SS14_2", 1905.8673, -773.9982, "T", "SMD", "$1N754", "", "R", 86.614, 66.929, 0, 0, 90],
		[55, "PAD1_2", 2180.584, -1062.09, "T", "SMD", "$1N560", "", "R", 55.512, 53.15, 0, 0, 0],
		[56, "PAD2_1", 2101.844, -1062.09, "T", "SMD", "$1N559", "", "R", 55.512, 53.15, 0, 0, 0],
		[57, "PAD3_2", 1704.37, -1060, "T", "SMD", "$1N557", "", "R", 55.512, 53.15, 0, 0, 0],
		[58, "PAD4_1", 1625.63, -1060, "T", "SMD", "$1N558", "", "R", 55.512, 53.15, 0, 0, 0],
		[59, "PAD5_2", 1906.775, -1267.09, "T", "SMD", "VCC", "", "R", 55.512, 53.15, 0, 0, 90],
		[60, "PAD6_1", 1906.775, -1345.83, "T", "SMD", "GND", "GND", "R", 55.512, 53.15, 0, 0, 90],
		[61, "PAD7_2", 1946.766, -1102.09, "T", "SMD", "VCC", "", "R", 55.512, 53.15, 0, 0, 0],
		[62, "PAD8_1", 1868.026, -1102.09, "T", "SMD", "GND", "GND", "R", 55.512, 53.15, 0, 0, 0],
		[63, "PAD9_2", 1650.63, -885, "T", "DIP", "$1N559", "", "C", 62.992, 62.992, 35.434, 35.434, 180],
		[64, "PAD9_2", 1650.63, -885, "B", "DIP", "$1N559", "", "C", 62.992, 62.992, 35.434, 35.434, 180],
		[65, "PAD10_1", 1729.37, -885, "T", "DIP", "$1N560", "", "C", 62.992, 62.992, 35.434, 35.434, 180],
		[66, "PAD10_1", 1729.37, -885, "B", "DIP", "$1N560", "", "C", 62.992, 62.992, 35.434, 35.434, 180],
		[67, "PAD11_2", 2080.63, -885, "T", "DIP", "$1N558", "", "C", 62.992, 62.992, 35.434, 35.434, 180],
		[68, "PAD11_2", 2080.63, -885, "B", "DIP", "$1N558", "", "C", 62.992, 62.992, 35.434, 35.434, 180],
		[69, "PAD12_1", 2159.37, -885, "T", "DIP", "$1N557", "", "C", 62.992, 62.992, 35.434, 35.434, 180],
		[70, "PAD12_1", 2159.37, -885, "B", "DIP", "$1N557", "", "C", 62.992, 62.992, 35.434, 35.434, 180],
		[71, "PAD13_6", 2155, -1770, "T", "DIP", "IA2", "", "C", 70.866, 70.866, 47.244, 47.244, 0],
		[72, "PAD13_6", 2155, -1770, "B", "DIP", "IA2", "", "C", 70.866, 70.866, 47.244, 47.244, 0],
		[73, "PAD14_5", 2055, -1770, "T", "DIP", "IB2", "", "C", 70.866, 70.866, 47.244, 47.244, 0],
		[74, "PAD14_5", 2055, -1770, "B", "DIP", "IB2", "", "C", 70.866, 70.866, 47.244, 47.244, 0],
		[75, "PAD15_4", 1955, -1770, "T", "DIP", "GND", "GND", "C", 70.866, 70.866, 47.244, 47.244, 0],
		[76, "PAD15_4", 1955, -1770, "B", "DIP", "GND", "GND", "C", 70.866, 70.866, 47.244, 47.244, 0],
		[77, "PAD16_3", 1855, -1770, "T", "DIP", "$1N754", "", "C", 70.866, 70.866, 47.244, 47.244, 0],
		[78, "PAD16_3", 1855, -1770, "B", "DIP", "$1N754", "", "C", 70.866, 70.866, 47.244, 47.244, 0],
		[79, "PAD17_2", 1755, -1770, "T", "DIP", "IA1", "", "C", 70.866, 70.866, 47.244, 47.244, 0],
		[80, "PAD17_2", 1755, -1770, "B", "DIP", "IA1", "", "C", 70.866, 70.866, 47.244, 47.244, 0],
		[81, "PAD18_1", 1655, -1770, "T", "DIP", "IB1", "", "R", 70.866, 70.866, 47.244, 47.244, 0],
		[82, "PAD18_1", 1655, -1770, "B", "DIP", "IB1", "", "R", 70.866, 70.866, 47.244, 47.244, 0],
		[83, "PAD19_2", 2199.447, -1434.456, "T", "SMD", "VCC", "", "R", 44.588, 54.213, 0, 0, 0],
		[84, "PAD20_1", 2120.707, -1434.456, "T", "SMD", "IB1", "", "R", 44.588, 54.213, 0, 0, 0],
		[85, "PAD21_2", 2029.37, -1475, "T", "SMD", "VCC", "", "R", 44.588, 54.213, 0, 0, 0],
		[86, "PAD22_1", 1950.63, -1475, "T", "SMD", "IA1", "", "R", 44.588, 54.213, 0, 0, 0],
		[87, "PAD23_2", 1689.447, -1435.25, "T", "SMD", "VCC", "", "R", 44.588, 54.213, 0, 0, 0],
		[88, "PAD24_1", 1610.707, -1435.25, "T", "SMD", "IB2", "", "R", 44.588, 54.213, 0, 0, 0],
		[89, "PAD25_2", 1859.447, -1476.3635, "T", "SMD", "VCC", "", "R", 44.588, 54.213, 0, 0, 0],
		[90, "PAD26_1", 1780.707, -1476.3635, "T", "SMD", "IA2", "", "R", 44.588, 54.213, 0, 0, 0],
		[91, "PAD27_1", 1999.39, -1170, "T", "SMD", "$1N560", "", "O", 24.803, 73.425, 0, 0, 270],
		[92, "PAD28_2", 1999.39, -1220, "T", "SMD", "VCC", "", "O", 24.803, 73.425, 0, 0, 270],
		[93, "PAD29_3", 1999.39, -1270, "T", "SMD", "VCC", "", "O", 24.803, 73.425, 0, 0, 270],
		[94, "PAD30_4", 1999.39, -1320, "T", "SMD", "$1N559", "", "O", 24.803, 73.425, 0, 0, 270],
		[95, "PAD31_8", 2210.61, -1170, "T", "SMD", "GND", "GND", "O", 24.803, 73.425, 0, 0, 270],
		[96, "PAD32_7", 2210.61, -1220, "T", "SMD", "IB1", "", "O", 24.803, 73.425, 0, 0, 270],
		[97, "PAD33_6", 2210.61, -1270, "T", "SMD", "IA1", "", "O", 24.803, 73.425, 0, 0, 270],
		[98, "PAD34_5", 2210.61, -1320, "T", "SMD", "GND", "GND", "O", 24.803, 73.425, 0, 0, 270],
		[99, "PAD35_1", 1594.39, -1170, "T", "SMD", "$1N557", "", "O", 24.803, 73.425, 0, 0, 270],
		[100, "PAD36_2", 1594.39, -1220, "T", "SMD", "VCC", "", "O", 24.803, 73.425, 0, 0, 270],
		[101, "PAD37_3", 1594.39, -1270, "T", "SMD", "VCC", "", "O", 24.803, 73.425, 0, 0, 270],
		[102, "PAD38_4", 1594.39, -1320, "T", "SMD", "$1N558", "", "O", 24.803, 73.425, 0, 0, 270],
		[103, "PAD39_8", 1805.61, -1170, "T", "SMD", "GND", "GND", "O", 24.803, 73.425, 0, 0, 270],
		[104, "PAD40_7", 1805.61, -1220, "T", "SMD", "IB2", "", "O", 24.803, 73.425, 0, 0, 270],
		[105, "PAD41_6", 1805.61, -1270, "T", "SMD", "IA2", "", "O", 24.803, 73.425, 0, 0, 270],
		[106, "PAD42_5", 1805.61, -1320, "T", "SMD", "GND", "GND", "O", 24.803, 73.425, 0, 0, 270],
		[107, "PAD43_1", 1905.8673, -975.9982, "T", "SMD", "VCC", "", "R", 86.614, 66.929, 0, 0, 90],
		[108, "PAD44_2", 1905.8673, -773.9982, "T", "SMD", "$1N754", "", "R", 86.614, 66.929, 0, 0, 90]
	]
}
}