{
"lengthUnit": "mil",
"components": {
	"fields": ["COMPONENT_NO", "COMPONENT_NAME", "LAYER", "X_COORDINATE", "Y_COORDINATE", "ANGLE"],
	"rows": [
		[1, "1kR", "T", 4305, -2650, 0],
		[2, "1kRN1", "T", 4719.05, -2647.71, 0],
		[3, "1.2kR", "T", 4235.43, -1995.75, 270],
		[4, "10uF", "T", 4795, -2045, 0],
		[5, "10uFN1", "T", 4796.13, -1943.67, 0],
		[6, "8205A", "T", 4290, -2250, 270],
		[7, "18650 Battery holder", "B", 4505, -1960, 180],
		[8, "BATTERY", "T", 4274.38, -352.25, 90],
		[9, "BATTERYN1", "T", 4785, -320, 180],
		[10, "Battery", "T", 4255, -3625, 270],
		[11, "Charging", "T", 4305, -2810, 0],
		[12, "DW01A", "T", 4750, -2250, 270],
		[13, "Full", "T", 4720.61, -2812.71, 0],
		[14, "INPUT", "T", 4808.31, -3221.7, 180],
		[15, "INPUTN1", "T", 4725, -3850, 0],
		[16, "TP4056", "T", 4500, -1995, 270],
		[17, "USB-C", "T", 4295, -3970, 90],
		[18, "USB-M", "T", 4725, -4005, 0]
	]
},
"pins": {
	"fields": ["PIN_NO", "PIN_NAME", "PIN_X", "PIN_Y", "LAYER", "PIN_TYPE", "NET_NAME", "NET_TYPE", "PAD_SHAPE", "PAD_SIZEX", "PAD_SIZEY", "HOLE_SIZE", "PAD_ANGLE"],
	"rows": [
		[1, "1kR_1", 4266.96, -2650, "T", "SMD", "$1N641", "", "R", 44.59, 54.21, 0, 0],
		[2, "1kR_2", 4343.04, -2650, "T", "SMD", "$1N639", "", "R", 44.59, 54.21, 0, 0],
		[3, "1kRN1_1", 4681.01, -2647.71, "T", "SMD", "$1N651", "", "R", 44.59, 54.21, 0, 0],
		[4, "1kRN1_2", 4757.09, -2647.71, "T", "SMD", "$1N640", "", "R", 44.59, 54.21, 0, 0],
		[5, "1.2kR_1", 4235.43, -1957.71, "T", "SMD", "$1N644", "", "R", 44.59, 54.21, 0, 270],
		[6, "1.2kR_2", 4235.43, -2033.79, "T", "SMD", "GND", "GND", "R", 44.59, 54.21, 0, 270],
		[7, "10uF_1", 4755.63, -2045, "T", "SMD", "GND", "GND", "R", 55.51, 53.15, 0, 0],
		[8, "10uF_2", 4834.37, -2045, "T", "SMD", "+5V", "", "R", 55.51, 53.15, 0, 0],
		[9, "10uFN1_1", 4756.76, -1943.67, "T", "SMD", "GND", "GND", "R", 55.51, 53.15, 0, 0],
		[10, "10uFN1_2", 4835.5, -1943.67, "T", "SMD", "BAT+", "", "R", 55.51, 53.15, 0, 0],
		[11, "8205A_1", 4174.76, -2211.61, "T", "SMD", "8205A_1", "", "O", 13.9, 57.24, 0, 270],
		[12, "8205A_2", 4174.76, -2237.21, "T", "SMD", "$1N649", "", "O", 13.9, 57.24, 0, 270],
		[13, "8205A_3", 4174.76, -2262.8, "T", "SMD", "$1N649", "", "O", 13.9, 57.24, 0, 270],
		[14, "8205A_4", 4174.76, -2288.39, "T", "SMD", "$1N648", "", "O", 13.9, 57.24, 0, 270],
		[15, "8205A_5", 4405.24, -2288.39, "T", "SMD", "$1N647", "", "O", 13.9, 57.24, 0, 270],
		[16, "8205A_6", 4405.24, -2262.8, "T", "SMD", "GND", "GND", "O", 13.9, 57.24, 0, 270],
		[17, "8205A_7", 4405.24, -2237.21, "T", "SMD", "GND", "GND", "O", 13.9, 57.24, 0, 270],
		[18, "8205A_8", 4405.24, -2211.61, "T", "SMD", "8205A_8", "", "O", 13.9, 57.24, 0, 270],
		[19, "18650 Battery holder_1", 4505, -3586.5, "B", "SMD", "GND", "GND", "R", 300, 200, 0, 180],
		[20, "18650 Battery holder_2", 4505, -333.5, "B", "SMD", "BAT+", "", "R", 300, 200, 0, 180],
		[21, "BATTERY_1", 4174.38, -352.25, "T", "SMD", "BAT+", "", "R", 124.8, 50, 0, 90],
		[22, "BATTERY_2", 4274.38, -352.25, "T", "SMD", "GND", "GND", "R", 124.8, 50, 0, 90],
		[23, "BATTERYN1_1", 4835, -320, "T", "DIP", "BAT+", "", "R", 66.93, 66.93, 39.37, 180],
		[24, "BATTERYN1_1", 4835, -320, "B", "DIP", "BAT+", "", "R", 66.93, 66.93, 39.37, 180],
		[25, "BATTERYN1_2", 4735, -320, "T", "DIP", "GND", "GND", "C", 66.93, 66.93, 39.37, 180],
		[26, "BATTERYN1_2", 4735, -320, "B", "DIP", "GND", "GND", "C", 66.93, 66.93, 39.37, 180],
		[27, "Battery_1", 4255, -3675, "T", "DIP", "GND", "GND", "R", 70.87, 70.87, 47.24, 90],
		[28, "Battery_1", 4255, -3675, "B", "DIP", "GND", "GND", "R", 70.87, 70.87, 47.24, 90],
		[29, "Battery_2", 4255, -3575, "T", "DIP", "BAT+", "", "C", 70.87, 70.87, 47.24, 90],
		[30, "Battery_2", 4255, -3575, "B", "DIP", "BAT+", "", "C", 70.87, 70.87, 47.24, 90],
		[31, "Charging_1", 4346.35, -2810, "T", "SMD", "+5V", "", "R", 39.37, 55.1, 0, 180],
		[32, "Charging_2", 4263.65, -2810, "T", "SMD", "$1N641", "", "R", 39.37, 55.1, 0, 180],
		[33, "DW01A_1", 4704.76, -2212.6, "T", "SMD", "$1N648", "", "R", 20.95, 42.2, 0, 270],
		[34, "DW01A_2", 4704.76, -2250, "T", "SMD", "DW01A_2", "", "R", 20.95, 42.2, 0, 270],
		[35, "DW01A_3", 4704.76, -2287.4, "T", "SMD", "$1N647", "", "R", 20.95, 42.2, 0, 270],
		[36, "DW01A_4", 4795.24, -2287.4, "T", "SMD", "DW01A_4", "", "R", 20.95, 42.2, 0, 270],
		[37, "DW01A_5", 4795.24, -2250, "T", "SMD", "BAT+", "", "R", 20.95, 42.2, 0, 270],
		[38, "DW01A_6", 4795.24, -2212.6, "T", "SMD", "GND", "GND", "R", 20.95, 42.2, 0, 270],
		[39, "Full_1", 4761.96, -2812.71, "T", "SMD", "+5V", "", "R", 39.37, 55.1, 0, 180],
		[40, "Full_2", 4679.26, -2812.71, "T", "SMD", "$1N651", "", "R", 39.37, 55.1, 0, 180],
		[41, "INPUT_1", 4808.31, -3321.7, "T", "SMD", "+5V", "", "R", 124.8, 50, 0, 180],
		[42, "INPUT_2", 4808.31, -3221.7, "T", "SMD", "GND", "GND", "R", 124.8, 50, 0, 180],
		[43, "INPUTN1_1", 4675, -3850, "T", "DIP", "+5V", "", "R", 66.93, 66.93, 39.37, 0],
		[44, "INPUTN1_1", 4675, -3850, "B", "DIP", "+5V", "", "R", 66.93, 66.93, 39.37, 0],
		[45, "INPUTN1_2", 4775, -3850, "T", "DIP", "GND", "GND", "C", 66.93, 66.93, 39.37, 0],
		[46, "INPUTN1_2", 4775, -3850, "B", "DIP", "GND", "GND", "C", 66.93, 66.93, 39.37, 0],
		[47, "TP4056_1", 4385.5, -1920, "T", "SMD", "GND", "GND", "R", 23.62, 47.24, 0, 270],
		[48, "TP4056_2", 4385.5, -1970, "T", "SMD", "$1N644", "", "R", 23.62, 47.24, 0, 270],
		[49, "TP4056_3", 4385.5, -2020, "T", "SMD", "GND", "GND", "R", 23.62, 47.24, 0, 270],
		[50, "TP4056_4", 4385.5, -2070, "T", "SMD", "+5V", "", "R", 23.62, 47.24, 0, 270],
		[51, "TP4056_5", 4614.5, -2070, "T", "SMD", "BAT+", "", "R", 23.62, 47.24, 0, 270],
		[52, "TP4056_6", 4614.5, -2020, "T", "SMD", "$1N640", "", "R", 23.62, 47.24, 0, 270],
		[53, "TP4056_7", 4614.5, -1970, "T", "SMD", "$1N639", "", "R", 23.62, 47.24, 0, 270],
		[54, "TP4056_8", 4614.5, -1920, "T", "SMD", "+5V", "", "R", 23.62, 47.24, 0, 270],
		[55, "TP4056_9", 4500, -1995, "T", "SMD", "GND", "GND", "R", 129.92, 94.49, 0, 90],
		[56, "USB-C_0", 4465.08, -3898.15, "T", "DIP", "GND", "GND", "O", 43.31, 70.87, 55.16, 0],
		[57, "USB-C_0", 4465.08, -3898.15, "B", "DIP", "GND", "GND", "O", 43.31, 70.87, 55.16, 0],
		[58, "USB-C_0", 4124.92, -3898.15, "T", "DIP", "GND", "GND", "O", 43.31, 70.87, 55.16, 0],
		[59, "USB-C_0", 4124.92, -3898.15, "B", "DIP", "GND", "GND", "O", 43.31, 70.87, 55.16, 0],
		[60, "USB-C_0", 4465.08, -4047.75, "T", "DIP", "GND", "GND", "O", 43.31, 70.87, 55.16, 0],
		[61, "USB-C_0", 4465.08, -4047.75, "B", "DIP", "GND", "GND", "O", 43.31, 70.87, 55.16, 0],
		[62, "USB-C_0", 4124.92, -4047.75, "T", "DIP", "GND", "GND", "O", 43.31, 70.87, 55.16, 0],
		[63, "USB-C_0", 4124.92, -4047.75, "B", "DIP", "GND", "GND", "O", 43.31, 70.87, 55.16, 0],
		[64, "USB-C_1", 4186.75, -3881.77, "T", "SMD", "GND", "GND", "R", 31.5, 80, 0, 0],
		[65, "USB-C_2", 4235.15, -3881.77, "T", "SMD", "+5V", "", "R", 29.92, 80, 0, 0],
		[66, "USB-C_3", 4275.3, -3881.77, "T", "SMD", "USB-C_3", "", "R", 27.56, 80, 0, 0],
		[67, "USB-C_4", 4314.7, -3881.77, "T", "SMD", "USB-C_4", "", "R", 27.56, 80, 0, 0],
		[68, "USB-C_5", 4354.85, -3881.77, "T", "SMD", "+5V", "", "R", 29.92, 80, 0, 0],
		[69, "USB-C_6", 4403.25, -3881.77, "T", "SMD", "GND", "GND", "R", 31.5, 80, 0, 0],
		[70, "USB-M_0", 4872.63, -4059.82, "T", "SMD", "GND", "GND", "R", 59.05, 74.8, 0, 0],
		[71, "USB-M_0", 4577.37, -4059.82, "T", "SMD", "GND", "GND", "R", 59.05, 74.8, 0, 0],
		[72, "USB-M_0", 4673.82, -4059.82, "T", "SMD", "GND", "GND", "R", 74.8, 74.8, 0, 0],
		[73, "USB-M_0", 4776.18, -4059.82, "T", "SMD", "GND", "GND", "R", 74.8, 74.8, 0, 0],
		[74, "USB-M_1", 4673.8, -3950.18, "T", "SMD", "+5V", "", "R", 53.15, 15.75, 0, 270],
		[75, "USB-M_2", 4699.4, -3950.18, "T", "SMD", "USB-M_2", "", "R", 53.15, 15.75, 0, 270],
		[76, "USB-M_3", 4725, -3950.18, "T", "SMD", "USB-M_3", "", "R", 53.15, 15.75, 0, 270],
		[77, "USB-M_4", 4750.6, -3950.18, "T", "SMD", "USB-M_4", "", "R", 53.15, 15.75, 0, 270],
		[78, "USB-M_5", 4776.2, -3950.18, "T", "SMD", "GND", "GND", "R", 53.15, 15.75, 0, 270]
	]
}
}