{
"lengthUnit": "mil",
"remark": [],
"components": {
	"fields": ["COMPONENT_NO", "COMPONENT_NAME", "LAYER", "X_COORDINATE", "Y_COORDINATE", "ANGLE"],
	"rows": [
		[1, "100nF", "T", 2285, -1580, 0],
		[2, "CR2032", "B", 2135, -1190, 270],
		[3, "DS3231M", "T", 2135, -1090, 270],
		[4, "H1", "T", 2135, -1695, 0],
		[5, "R3", "T", 2192.9604, -1427.4694, 90],
		[6, "R5", "T", 2256.0656, -1427.4694, 90],
		[7, "R6", "T", 2063.0154, -1428.7384, 90],
		[8, "R7", "T", 2127.9604, -1428.7034, 90],
		[9, "SS14", "T", 1899.108, -1477.5238, 90],
		[10, "PAD1", "T", 2134.999, -796.305, 0],
		[11, "PAD1", "B", 2134.999, -796.305, 0],
		[12, "PAD2", "T", 2134.999, -1583.695, 0],
		[13, "PAD2", "B", 2134.999, -1583.695, 0],
		[14, "PAD3", "T", 2306.46, -1580, 0],
		[15, "PAD4", "T", 2263.54, -1580, 0],
		[16, "PAD5", "T", 1899.108, -1578.5238, 0],
		[17, "PAD6", "T", 1899.108, -1376.5238, 0],
		[18, "PAD7", "T", 2385, -1695, 0],
		[19, "PAD7", "B", 2385, -1695, 0],
		[20, "PAD8", "T", 2285, -1695, 0],
		[21, "PAD8", "B", 2285, -1695, 0],
		[22, "PAD9", "T", 2185, -1695, 0],
		[23, "PAD9", "B", 2185, -1695, 0],
		[24, "PAD10", "T", 2085, -1695, 0],
		[25, "PAD10", "B", 2085, -1695, 0],
		[26, "PAD11", "T", 1985, -1695, 0],
		[27, "PAD11", "B", 1985, -1695, 0],
		[28, "PAD12", "T", 1885, -1695, 0],
		[29, "PAD12", "B", 1885, -1695, 0],
		[30, "PAD13", "T", 2192.9604, -1410.4294, 0],
		[31, "PAD14", "T", 2192.9604, -1444.5094, 0],
		[32, "PAD15", "T", 2256.0656, -1410.4294, 0],
		[33, "PAD16", "T", 2256.0656, -1444.5094, 0],
		[34, "PAD17", "T", 2063.0154, -1411.6984, 0],
		[35, "PAD18", "T", 2063.0154, -1445.7784, 0],
		[36, "PAD19", "T", 2127.9604, -1411.6634, 0],
		[37, "PAD20", "T", 2127.9604, -1445.7434, 0],
		[38, "PAD21", "T", 1947.98, -915, 0],
		[39, "PAD22", "T", 1947.98, -965, 0],
		[40, "PAD23", "T", 1947.98, -1015, 0],
		[41, "PAD24", "T", 2322.02, -915, 0],
		[42, "PAD25", "T", 2322.02, -965, 0],
		[43, "PAD26", "T", 2322.02, -1015, 0],
		[44, "PAD27", "T", 2322.02, -1065, 0]
	]
},
"pins": {
	"fields": ["PIN_NO", "PIN_NAME", "PIN_X", "PIN_Y", "LAYER", "PIN_TYPE", "NET_NAME", "NET_TYPE", "PAD_SHAPE", "PAD_SIZEX", "PAD_SIZEY", "HOLE_SIZE", "HOLE_LEN", "PAD_ANGLE"],
	"rows": [
		[1, "100nF_1", 2263.54, -1580, "T", "SMD", "+5V", "", "R", 31.106, 21.26, 0, 0, 0],
		[2, "100nF_2", 2306.46, -1580, "T", "SMD", "GND", "GND", "R", 31.106, 21.26, 0, 0, 0],
		[3, "CR2032_1", 2134.999, -796.305, "T", "DIP", "GND", "GND", "C", 70.866, 70.866, 47.244, 47.244, 270],
		[4, "CR2032_1", 2134.999, -796.305, "B", "DIP", "GND", "GND", "C", 70.866, 70.866, 47.244, 47.244, 270],
		[5, "CR2032_2", 2134.999, -1583.695, "T", "DIP", "$1N582", "", "C", 70.866, 70.866, 47.244, 47.244, 270],
		[6, "CR2032_2", 2134.999, -1583.695, "B", "DIP", "$1N582", "", "C", 70.866, 70.866, 47.244, 47.244, 270],
		[7, "DS3231M_1", 1947.98, -915, "T", "SMD", "32K", "", "O", 22.598, 94.508, 0, 0, 270],
		[8, "DS3231M_2", 1947.98, -965, "T", "SMD", "+5V", "", "O", 22.598, 94.508, 0, 0, 270],
		[9, "DS3231M_3", 1947.98, -1015, "T", "SMD", "SQW", "", "O", 22.598, 94.508, 0, 0, 270],
		[10, "DS3231M_4", 1947.98, -1065, "T", "SMD", "NET_1", "", "O", 22.598, 94.508, 0, 0, 270],
		[11, "DS3231M_5", 1947.98, -1115, "T", "SMD", "NET_2", "", "O", 22.598, 94.508, 0, 0, 270],
		[12, "DS3231M_6", 1947.98, -1165, "T", "SMD", "NET_3", "", "O", 22.598, 94.508, 0, 0, 270],
		[13, "DS3231M_7", 1947.98, -1215, "T", "SMD", "NET_4", "", "O", 22.598, 94.508, 0, 0, 270],
		[14, "DS3231M_8", 1947.98, -1265, "T", "SMD", "NET_5", "", "O", 22.598, 94.508, 0, 0, 270],
		[15, "DS3231M_9", 2322.02, -1265, "T", "SMD", "NET_6", "", "O", 22.598, 94.508, 0, 0, 270],
		[16, "DS3231M_10", 2322.02, -1215, "T", "SMD", "NET_7", "", "O", 22.598, 94.508, 0, 0, 270],
		[17, "DS3231M_11", 2322.02, -1165, "T", "SMD", "NET_8", "", "O", 22.598, 94.508, 0, 0, 270],
		[18, "DS3231M_12", 2322.02, -1115, "T", "SMD", "NET_9", "", "O", 22.598, 94.508, 0, 0, 270],
		[19, "DS3231M_13", 2322.02, -1065, "T", "SMD", "GND", "GND", "O", 22.598, 94.508, 0, 0, 270],
		[20, "DS3231M_14", 2322.02, -1015, "T", "SMD", "$1N581", "", "O", 22.598, 94.508, 0, 0, 270],
		[21, "DS3231M_15", 2322.02, -965, "T", "SMD", "SDA", "", "O", 22.598, 94.508, 0, 0, 270],
		[22, "DS3231M_16", 2322.02, -915, "T", "SMD", "SCL", "", "O", 22.598, 94.508, 0, 0, 270],
		[23, "H1_1", 1885, -1695, "T", "DIP", "32K", "", "R", 70.866, 70.866, 47.244, 47.244, 0],
		[24, "H1_1", 1885, -1695, "B", "DIP", "32K", "", "R", 70.866, 70.866, 47.244, 47.244, 0],
		[25, "H1_2", 1985, -1695, "T", "DIP", "SQW", "", "C", 70.866, 70.866, 47.244, 47.244, 0],
		[26, "H1_2", 1985, -1695, "B", "DIP", "SQW", "", "C", 70.866, 70.866, 47.244, 47.244, 0],
		[27, "H1_3", 2085, -1695, "T", "DIP", "SCL", "", "C", 70.866, 70.866, 47.244, 47.244, 0],
		[28, "H1_3", 2085, -1695, "B", "DIP", "SCL", "", "C", 70.866, 70.866, 47.244, 47.244, 0],
		[29, "H1_4", 2185, -1695, "T", "DIP", "SDA", "", "C", 70.866, 70.866, 47.244, 47.244, 0],
		[30, "H1_4", 2185, -1695, "B", "DIP", "SDA", "", "C", 70.866, 70.866, 47.244, 47.244, 0],
		[31, "H1_5", 2285, -1695, "T", "DIP", "+5V", "", "C", 70.866, 70.866, 47.244, 47.244, 0],
		[32, "H1_5", 2285, -1695, "B", "DIP", "+5V", "", "C", 70.866, 70.866, 47.244, 47.244, 0],
		[33, "H1_6", 2385, -1695, "T", "DIP", "GND", "GND", "C", 70.866, 70.866, 47.244, 47.244, 0],
		[34, "H1_6", 2385, -1695, "B", "DIP", "GND", "GND", "C", 70.866, 70.866, 47.244, 47.244, 0],
		[35, "R3_1", 2192.9604, -1444.5094, "T", "SMD", "32K", "", "R", 22.27, 21.26, 0, 0, 90],
		[36, "R3_2", 2192.9604, -1410.4294, "T", "SMD", "+5V", "", "R", 22.27, 21.26, 0, 0, 90],
		[37, "R5_1", 2256.0656, -1444.5094, "T", "SMD", "+5V", "", "R", 22.27, 21.26, 0, 0, 90],
		[38, "R5_2", 2256.0656, -1410.4294, "T", "SMD", "SQW", "", "R", 22.27, 21.26, 0, 0, 90],
		[39, "R6_1", 2063.0154, -1445.7784, "T", "SMD", "+5V", "", "R", 22.27, 21.26, 0, 0, 90],
		[40, "R6_2", 2063.0154, -1411.6984, "T", "SMD", "SCL", "", "R", 22.27, 21.26, 0, 0, 90],
		[41, "R7_1", 2127.9604, -1445.7434, "T", "SMD", "SDA", "", "R", 22.27, 21.26, 0, 0, 90],
		[42, "R7_2", 2127.9604, -1411.6634, "T", "SMD", "+5V", "", "R", 22.27, 21.26, 0, 0, 90],
		[43, "SS14_1", 1899.108, -1578.5238, "T", "SMD", "$1N581", "", "R", 86.614, 66.929, 0, 0, 90],
		[44, "SS14_2", 1899.108, -1376.5238, "T", "SMD", "$1N582", "", "R", 86.614, 66.929, 0, 0, 90],
		[45, "PAD1_1", 2134.999, -796.305, "T", "DIP", "GND", "GND", "C", 70.866, 70.866, 47.244, 47.244, 270],
		[46, "PAD1_1", 2134.999, -796.305, "B", "DIP", "GND", "GND", "C", 70.866, 70.866, 47.244, 47.244, 270],
		[47, "PAD2_2", 2134.999, -1583.695, "T", "DIP", "$1N582", "", "C", 70.866, 70.866, 47.244, 47.244, 270],
		[48, "PAD2_2", 2134.999, -1583.695, "B", "DIP", "$1N582", "", "C", 70.866, 70.866, 47.244, 47.244, 270],
		[49, "PAD3_2", 2306.46, -1580, "T", "SMD", "GND", "GND", "R", 31.106, 21.26, 0, 0, 0],
		[50, "PAD4_1", 2263.54, -1580, "T", "SMD", "+5V", "", "R", 31.106, 21.26, 0, 0, 0],
		[51, "PAD5_1", 1899.108, -1578.5238, "T", "SMD", "$1N581", "", "R", 86.614, 66.929, 0, 0, 90],
		[52, "PAD6_2", 1899.108, -1376.5238, "T", "SMD", "$1N582", "", "R", 86.614, 66.929, 0, 0, 90],
		[53, "PAD7_6", 2385, -1695, "T", "DIP", "GND", "GND", "C", 70.866, 70.866, 47.244, 47.244, 0],
		[54, "PAD7_6", 2385, -1695, "B", "DIP", "GND", "GND", "C", 70.866, 70.866, 47.244, 47.244, 0],
		[55, "PAD8_5", 2285, -1695, "T", "DIP", "+5V", "", "C", 70.866, 70.866, 47.244, 47.244, 0],
		[56, "PAD8_5", 2285, -1695, "B", "DIP", "+5V", "", "C", 70.866, 70.866, 47.244, 47.244, 0],
		[57, "PAD9_4", 2185, -1695, "T", "DIP", "SDA", "", "C", 70.866, 70.866, 47.244, 47.244, 0],
		[58, "PAD9_4", 2185, -1695, "B", "DIP", "SDA", "", "C", 70.866, 70.866, 47.244, 47.244, 0],
		[59, "PAD10_3", 2085, -1695, "T", "DIP", "SCL", "", "C", 70.866, 70.866, 47.244, 47.244, 0],
		[60, "PAD10_3", 2085, -1695, "B", "DIP", "SCL", "", "C", 70.866, 70.866, 47.244, 47.244, 0],
		[61, "PAD11_2", 1985, -1695, "T", "DIP", "SQW", "", "C", 70.866, 70.866, 47.244, 47.244, 0],
		[62, "PAD11_2", 1985, -1695, "B", "DIP", "SQW", "", "C", 70.866, 70.866, 47.244, 47.244, 0],
		[63, "PAD12_1", 1885, -1695, "T", "DIP", "32K", "", "R", 70.866, 70.866, 47.244, 47.244, 0],
		[64, "PAD12_1", 1885, -1695, "B", "DIP", "32K", "", "R", 70.866, 70.866, 47.244, 47.244, 0],
		[65, "PAD13_2", 2192.9604, -1410.4294, "T", "SMD", "+5V", "", "R", 22.27, 21.26, 0, 0, 90],
		[66, "PAD14_1", 2192.9604, -1444.5094, "T", "SMD", "32K", "", "R", 22.27, 21.26, 0, 0, 90],
		[67, "PAD15_2", 2256.0656, -1410.4294, "T", "SMD", "SQW", "", "R", 22.27, 21.26, 0, 0, 90],
		[68, "PAD16_1", 2256.0656, -1444.5094, "T", "SMD", "+5V", "", "R", 22.27, 21.26, 0, 0, 90],
		[69, "PAD17_2", 2063.0154, -1411.6984, "T", "SMD", "SCL", "", "R", 22.27, 21.26, 0, 0, 90],
		[70, "PAD18_1", 2063.0154, -1445.7784, "T", "SMD", "+5V", "", "R", 22.27, 21.26, 0, 0, 90],
		[71, "PAD19_2", 2127.9604, -1411.6634, "T", "SMD", "+5V", "", "R", 22.27, 21.26, 0, 0, 90],
		[72, "PAD20_1", 2127.9604, -1445.7434, "T", "SMD", "SDA", "", "R", 22.27, 21.26, 0, 0, 90],
		[73, "PAD21_1", 1947.98, -915, "T", "SMD", "32K", "", "O", 22.598, 94.508, 0, 0, 270],
		[74, "PAD22_2", 1947.98, -965, "T", "SMD", "+5V", "", "O", 22.598, 94.508, 0, 0, 270],
		[75, "PAD23_3", 1947.98, -1015, "T", "SMD", "SQW", "", "O", 22.598, 94.508, 0, 0, 270],
		[76, "PAD24_16", 2322.02, -915, "T", "SMD", "SCL", "", "O", 22.598, 94.508, 0, 0, 270],
		[77, "PAD25_15", 2322.02, -965, "T", "SMD", "SDA", "", "O", 22.598, 94.508, 0, 0, 270],
		[78, "PAD26_14", 2322.02, -1015, "T", "SMD", "$1N581", "", "O", 22.598, 94.508, 0, 0, 270],
		[79, "PAD27_13", 2322.02, -1065, "T", "SMD", "GND", "GND", "O", 22.598, 94.508, 0, 0, 270]
	]
}
}