{
"lengthUnit": "mil",
"remark": [],
"components": {
	"fields": ["COMPONENT_NO", "COMPONENT_NAME", "LAYER", "X_COORDINATE", "Y_COORDINATE", "ANGLE"],
	"rows": [
		[1, "2.2kR", "T", 1676.307, -1081.212, 90],
		[2, "10uH", "T", 1823.083, -1100.4325, 90],
		[3, "22uF", "T", 1675.7915, -1303.846, 90],
		[4, "22uF", "T", 1974.677, -1302.011, 90],
		[5, "300R", "T", 1971.95, -1077.472, 270],
		[6, "H1", "T", 1825, -1490, 0],
		[7, "MT3608", "T", 1825, -1305, 270],
		[8, "SS14", "T", 1822.58, -910.4325, 180],
		[9, "PAD1", "T", 1675.7915, -1264.476, 0],
		[10, "PAD2", "T", 1675.7915, -1343.216, 0],
		[11, "PAD3", "T", 1974.677, -1262.641, 0],
		[12, "PAD4", "T", 1974.677, -1341.381, 0],
		[13, "PAD5", "T", 1745.22, -910.4325, 0],
		[14, "PAD6", "T", 1899.94, -910.4325, 0],
		[15, "PAD7", "T", 1675, -1490, 0],
		[16, "PAD7", "B", 1675, -1490, 0],
		[17, "PAD8", "T", 1775, -1490, 0],
		[18, "PAD8", "B", 1775, -1490, 0],
		[19, "PAD9", "T", 1875, -1490, 0],
		[20, "PAD9", "B", 1875, -1490, 0],
		[21, "PAD10", "T", 1975, -1490, 0],
		[22, "PAD10", "B", 1975, -1490, 0],
		[23, "PAD11", "T", 1823.083, -1166.3775, 0],
		[24, "PAD12", "T", 1823.083, -1034.4875, 0],
		[25, "PAD13", "T", 1676.307, -1041.842, 0],
		[26, "PAD14", "T", 1676.307, -1120.582, 0],
		[27, "PAD15", "T", 1971.95, -1116.842, 0],
		[28, "PAD16", "T", 1971.95, -1038.102, 0],
		[29, "PAD17", "T", 1779.76, -1267.6, 0],
		[30, "PAD18", "T", 1779.76, -1305, 0],
		[31, "PAD19", "T", 1779.76, -1342.4, 0],
		[32, "PAD20", "T", 1870.24, -1342.4, 0],
		[33, "PAD21", "T", 1870.24, -1305, 0]
	]
},
"pins": {
	"fields": ["PIN_NO", "PIN_NAME", "PIN_X", "PIN_Y", "LAYER", "PIN_TYPE", "NET_NAME", "NET_TYPE", "PAD_SHAPE", "PAD_SIZEX", "PAD_SIZEY", "HOLE_SIZE", "HOLE_LEN", "PAD_ANGLE"],
	"rows": [
		[1, "2.2kR_1", 1676.307, -1120.582, "T", "SMD", "$1N772", "", "R", 44.588, 54.213, 0, 0, 90],
		[2, "2.2kR_2", 1676.307, -1041.842, "T", "SMD", "GND", "GND", "R", 44.588, 54.213, 0, 0, 90],
		[3, "10uH_1", 1823.083, -1166.3775, "T", "SMD", "$1N812", "", "R", 177.165, 74.803, 0, 0, 180],
		[4, "10uH_2", 1823.083, -1034.4875, "T", "SMD", "IN+", "", "R", 177.165, 74.803, 0, 0, 180],
		[5, "22uF_1", 1675.7915, -1343.216, "T", "SMD", "IN+", "", "R", 55.512, 53.15, 0, 0, 90],
		[6, "22uF_2", 1675.7915, -1264.476, "T", "SMD", "GND", "GND", "R", 55.512, 53.15, 0, 0, 90],
		[7, "22uF_1", 1974.677, -1341.381, "T", "SMD", "GND", "GND", "R", 55.512, 53.15, 0, 0, 90],
		[8, "22uF_2", 1974.677, -1262.641, "T", "SMD", "OUT+", "", "R", 55.512, 53.15, 0, 0, 90],
		[9, "300R_1", 1971.95, -1038.102, "T", "SMD", "OUT+", "", "R", 44.588, 54.213, 0, 0, 270],
		[10, "300R_2", 1971.95, -1116.842, "T", "SMD", "$1N772", "", "R", 44.588, 54.213, 0, 0, 270],
		[11, "H1_1", 1675, -1490, "T", "DIP", "GND", "GND", "R", 66.929, 66.929, 43.308, 43.308, 0],
		[12, "H1_1", 1675, -1490, "B", "DIP", "GND", "GND", "R", 66.929, 66.929, 43.308, 43.308, 0],
		[13, "H1_2", 1775, -1490, "T", "DIP", "GND", "GND", "C", 66.929, 66.929, 43.308, 43.308, 0],
		[14, "H1_2", 1775, -1490, "B", "DIP", "GND", "GND", "C", 66.929, 66.929, 43.308, 43.308, 0],
		[15, "H1_3", 1875, -1490, "T", "DIP", "OUT+", "", "C", 66.929, 66.929, 43.308, 43.308, 0],
		[16, "H1_3", 1875, -1490, "B", "DIP", "OUT+", "", "C", 66.929, 66.929, 43.308, 43.308, 0],
		[17, "H1_4", 1975, -1490, "T", "DIP", "IN+", "", "C", 66.929, 66.929, 43.308, 43.308, 0],
		[18, "H1_4", 1975, -1490, "B", "DIP", "IN+", "", "C", 66.929, 66.929, 43.308, 43.308, 0],
		[19, "MT3608_1", 1779.76, -1267.6, "T", "SMD", "$1N812", "", "R", 20.945, 42.205, 0, 0, 270],
		[20, "MT3608_2", 1779.76, -1305, "T", "SMD", "GND", "GND", "R", 20.945, 42.205, 0, 0, 270],
		[21, "MT3608_3", 1779.76, -1342.4, "T", "SMD", "$1N772", "", "R", 20.945, 42.205, 0, 0, 270],
		[22, "MT3608_4", 1870.24, -1342.4, "T", "SMD", "IN+", "", "R", 20.945, 42.205, 0, 0, 270],
		[23, "MT3608_5", 1870.24, -1305, "T", "SMD", "IN+", "", "R", 20.945, 42.205, 0, 0, 270],
		[24, "MT3608_6", 1870.24, -1267.6, "T", "SMD", "NET_1", "", "R", 20.945, 42.205, 0, 0, 270],
		[25, "SS14_1", 1899.94, -910.4325, "T", "SMD", "OUT+", "", "R", 59.842, 66.142, 0, 0, 180],
		[26, "SS14_2", 1745.22, -910.4325, "T", "SMD", "$1N812", "", "R", 59.842, 66.142, 0, 0, 180],
		[27, "PAD1_2", 1675.7915, -1264.476, "T", "SMD", "GND", "GND", "R", 55.512, 53.15, 0, 0, 90],
		[28, "PAD2_1", 1675.7915, -1343.216, "T", "SMD", "IN+", "", "R", 55.512, 53.15, 0, 0, 90],
		[29, "PAD3_2", 1974.677, -1262.641, "T", "SMD", "OUT+", "", "R", 55.512, 53.15, 0, 0, 90],
		[30, "PAD4_1", 1974.677, -1341.381, "T", "SMD", "GND", "GND", "R", 55.512, 53.15, 0, 0, 90],
		[31, "PAD5_2", 1745.22, -910.4325, "T", "SMD", "$1N812", "", "R", 59.842, 66.142, 0, 0, 180],
		[32, "PAD6_1", 1899.94, -910.4325, "T", "SMD", "OUT+", "", "R", 59.842, 66.142, 0, 0, 180],
		[33, "PAD7_1", 1675, -1490, "T", "DIP", "GND", "GND", "R", 66.929, 66.929, 43.308, 43.308, 0],
		[34, "PAD7_1", 1675, -1490, "B", "DIP", "GND", "GND", "R", 66.929, 66.929, 43.308, 43.308, 0],
		[35, "PAD8_2", 1775, -1490, "T", "DIP", "GND", "GND", "C", 66.929, 66.929, 43.308, 43.308, 0],
		[36, "PAD8_2", 1775, -1490, "B", "DIP", "GND", "GND", "C", 66.929, 66.929, 43.308, 43.308, 0],
		[37, "PAD9_3", 1875, -1490, "T", "DIP", "OUT+", "", "C", 66.929, 66.929, 43.308, 43.308, 0],
		[38, "PAD9_3", 1875, -1490, "B", "DIP", "OUT+", "", "C", 66.929, 66.929, 43.308, 43.308, 0],
		[39, "PAD10_4", 1975, -1490, "T", "DIP", "IN+", "", "C", 66.929, 66.929, 43.308, 43.308, 0],
		[40, "PAD10_4", 1975, -1490, "B", "DIP", "IN+", "", "C", 66.929, 66.929, 43.308, 43.308, 0],
		[41, "PAD11_1", 1823.083, -1166.3775, "T", "SMD", "$1N812", "", "R", 177.165, 74.803, 0, 0, 180],
		[42, "PAD12_2", 1823.083, -1034.4875, "T", "SMD", "IN+", "", "R", 177.165, 74.803, 0, 0, 180],
		[43, "PAD13_2", 1676.307, -1041.842, "T", "SMD", "GND", "GND", "R", 44.588, 54.213, 0, 0, 90],
		[44, "PAD14_1", 1676.307, -1120.582, "T", "SMD", "$1N772", "", "R", 44.588, 54.213, 0, 0, 90],
		[45, "PAD15_2", 1971.95, -1116.842, "T", "SMD", "$1N772", "", "R", 44.588, 54.213, 0, 0, 270],
		[46, "PAD16_1", 1971.95, -1038.102, "T", "SMD", "OUT+", "", "R", 44.588, 54.213, 0, 0, 270],
		[47, "PAD17_1", 1779.76, -1267.6, "T", "SMD", "$1N812", "", "R", 20.945, 42.205, 0, 0, 270],
		[48, "PAD18_2", 1779.76, -1305, "T", "SMD", "GND", "GND", "R", 20.945, 42.205, 0, 0, 270],
		[49, "PAD19_3", 1779.76, -1342.4, "T", "SMD", "$1N772", "", "R", 20.945, 42.205, 0, 0, 270],
		[50, "PAD20_4", 1870.24, -1342.4, "T", "SMD", "IN+", "", "R", 20.945, 42.205, 0, 0, 270],
		[51, "PAD21_5", 1870.24, -1305, "T", "SMD", "IN+", "", "R", 20.945, 42.205, 0, 0, 270]
	]
}
}