{
"lengthUnit": "mil",
"components": {
	"fields": ["COMPONENT_NO", "COMPONENT_NAME", "LAYER", "X_COORDINATE", "Y_COORDINATE", "ANGLE"],
	"rows": [
		[1, "1.5MR", "T", 1267.67, -665.33, 270],
		[2, "4.7uF", "T", 890.31, -642.79, 0],
		[3, "4.7uH", "T", 888.65, -797.79, 0],
		[4, "10uF", "T", 1110.63, -640.96, 0],
		[5, "470kR", "T", 1268.31, -817.79, 90],
		[6, "MCP1624", "T", 1110, -805, 180],
		[7, "U2", "T", 565, -700, 0]
	]
},
"pins": {
	"fields": ["PIN_NO", "PIN_NAME", "PIN_X", "PIN_Y", "LAYER", "PIN_TYPE", "NET_NAME", "NET_TYPE", "PAD_SHAPE", "PAD_SIZEX", "PAD_SIZEY", "HOLE_SIZE", "PAD_ANGLE"],
	"rows": [
		[1, "1.5MR_1", 1267.67, -625.96, "T", "SMD", "$1N468", "", "R", 44.59, 54.21, 0, 270],
		[2, "1.5MR_2", 1267.67, -704.7, "T", "SMD", "OUT+", "", "R", 44.59, 54.21, 0, 270],
		[3, "4.7uF_1", 850.94, -642.79, "T", "SMD", "GND", "GND", "R", 55.51, 53.15, 0, 0],
		[4, "4.7uF_2", 929.68, -642.79, "T", "SMD", "IN+", "", "R", 55.51, 53.15, 0, 0],
		[5, "4.7uH_1", 822.7, -797.79, "T", "SMD", "IN+", "", "R", 177.16, 74.8, 0, 90],
		[6, "4.7uH_2", 954.59, -797.79, "T", "SMD", "$1N470", "", "R", 177.16, 74.8, 0, 90],
		[7, "10uF_1", 1071.26, -640.96, "T", "SMD", "GND", "GND", "R", 55.51, 53.15, 0, 0],
		[8, "10uF_2", 1150, -640.96, "T", "SMD", "OUT+", "", "R", 55.51, 53.15, 0, 0],
		[9, "470kR_1", 1268.31, -857.16, "T", "SMD", "GND", "GND", "R", 44.59, 54.21, 0, 90],
		[10, "470kR_2", 1268.31, -778.42, "T", "SMD", "$1N468", "", "R", 44.59, 54.21, 0, 90],
		[11, "MCP1624_1", 1056.85, -767.6, "T", "SMD", "$1N470", "", "R", 43.31, 23.62, 0, 180],
		[12, "MCP1624_2", 1056.85, -805, "T", "SMD", "GND", "GND", "R", 43.31, 23.62, 0, 180],
		[13, "MCP1624_3", 1056.85, -842.4, "T", "SMD", "IN+", "", "R", 43.31, 23.62, 0, 180],
		[14, "MCP1624_4", 1163.15, -842.4, "T", "SMD", "$1N468", "", "R", 43.31, 23.62, 0, 180],
		[15, "MCP1624_5", 1163.15, -805, "T", "SMD", "OUT+", "", "R", 43.31, 23.62, 0, 180],
		[16, "MCP1624_6", 1163.15, -767.6, "T", "SMD", "IN+", "", "R", 43.31, 23.62, 0, 180],
		[17, "U2_1", 675, -640, "T", "SMD", "IN+", "", "R", 124.8, 46.06, 0, 0],
		[18, "U2_2", 675, -740, "T", "SMD", "OUT+", "", "R", 124.8, 46.06, 0, 0],
		[19, "U2_3", 675, -840, "T", "SMD", "GND", "GND", "R", 124.8, 46.06, 0, 0]
	]
}
}