{
"lengthUnit": "mil",
"components": {
	"fields": ["COMPONENT_NO", "COMPONENT_NAME", "LAYER", "X_COORDINATE", "Y_COORDINATE", "ANGLE"],
	"rows": [
		[1, "49.9R", "T", 2170.38, -1608.81, 270],
		[2, "220R", "T", 1845, -1610, 270],
		[3, "220RN1", "B", 1964.78, -1023.09, 90],
		[4, "330R", "T", 1840.28, -1424.25, 270],
		[5, "H1", "T", 2007.76, -1776.85, 0],
		[6, "IRE940-5", "T", 2005, -1365, 0],
		[7, "IRM-3638T", "B", 2005, -690, 0],
		[8, "NPN", "T", 2010, -1595, 270],
		[9, "Rx", "B", 1848.51, -1026.22, 270],
		[10, "Tx", "T", 2195, -1405, 270]
	]
},
"pins": {
	"fields": ["PIN_NO", "PIN_NAME", "PIN_X", "PIN_Y", "LAYER", "PIN_TYPE", "NET_NAME", "NET_TYPE", "PAD_SHAPE", "PAD_SIZEX", "PAD_SIZEY", "HOLE_SIZE", "PAD_ANGLE"],
	"rows": [
		[1, "49.9R_1", 2170.38, -1570.77, "T", "SMD", "$1N321", "", "R", 44.59, 54.21, 0, 270],
		[2, "49.9R_2", 2170.38, -1646.85, "T", "SMD", "$1N727", "", "R", 44.59, 54.21, 0, 270],
		[3, "220R_1", 1845, -1571.96, "T", "SMD", "$1N321", "", "R", 44.59, 54.21, 0, 270],
		[4, "220R_2", 1845, -1648.04, "T", "SMD", "$1N734", "", "R", 44.59, 54.21, 0, 270],
		[5, "220RN1_1", 1964.78, -1061.13, "B", "SMD", "$1N823", "", "R", 44.59, 54.21, 0, 90],
		[6, "220RN1_2", 1964.78, -985.05, "B", "SMD", "+5V", "", "R", 44.59, 54.21, 0, 90],
		[7, "330R_1", 1840.28, -1386.21, "T", "SMD", "$1N323", "", "R", 44.59, 54.21, 0, 270],
		[8, "330R_2", 1840.28, -1462.29, "T", "SMD", "IRE", "", "R", 44.59, 54.21, 0, 270],
		[9, "H1_1", 1857.76, -1776.85, "T", "DIP", "+5V", "", "R", 66.93, 66.93, 43.31, 0],
		[10, "H1_1", 1857.76, -1776.85, "B", "DIP", "+5V", "", "R", 66.93, 66.93, 43.31, 0],
		[11, "H1_2", 1957.76, -1776.85, "T", "DIP", "IRM", "", "C", 66.93, 66.93, 43.31, 0],
		[12, "H1_2", 1957.76, -1776.85, "B", "DIP", "IRM", "", "C", 66.93, 66.93, 43.31, 0],
		[13, "H1_3", 2057.76, -1776.85, "T", "DIP", "IRE", "", "C", 66.93, 66.93, 43.31, 0],
		[14, "H1_3", 2057.76, -1776.85, "B", "DIP", "IRE", "", "C", 66.93, 66.93, 43.31, 0],
		[15, "H1_4", 2157.76, -1776.85, "T", "DIP", "GND", "GND", "C", 66.93, 66.93, 43.31, 0],
		[16, "H1_4", 2157.76, -1776.85, "B", "DIP", "GND", "GND", "C", 66.93, 66.93, 43.31, 0],
		[17, "IRE940-5_1", 1955, -1365, "T", "DIP", "$1N727", "", "C", 62.99, 62.99, 39.37, 180],
		[18, "IRE940-5_1", 1955, -1365, "B", "DIP", "$1N727", "", "C", 62.99, 62.99, 39.37, 180],
		[19, "IRE940-5_2", 2055, -1365, "T", "DIP", "+5V", "", "C", 62.99, 62.99, 39.37, 180],
		[20, "IRE940-5_2", 2055, -1365, "B", "DIP", "+5V", "", "C", 62.99, 62.99, 39.37, 180],
		[21, "IRM-3638T_1", 1905, -690, "T", "DIP", "IRM", "", "R", 70.87, 70.87, 39.37, 0],
		[22, "IRM-3638T_1", 1905, -690, "B", "DIP", "IRM", "", "R", 70.87, 70.87, 39.37, 0],
		[23, "IRM-3638T_2", 2005, -690, "T", "DIP", "GND", "GND", "C", 70.87, 70.87, 39.37, 0],
		[24, "IRM-3638T_2", 2005, -690, "B", "DIP", "GND", "GND", "C", 70.87, 70.87, 39.37, 0],
		[25, "IRM-3638T_3", 2105, -690, "T", "DIP", "+5V", "", "C", 70.87, 70.87, 39.37, 0],
		[26, "IRM-3638T_3", 2105, -690, "B", "DIP", "+5V", "", "C", 70.87, 70.87, 39.37, 0],
		[27, "NPN_1", 1972.4, -1639.68, "T", "SMD", "$1N323", "", "R", 42.13, 20.95, 0, 270],
		[28, "NPN_2", 2047.6, -1639.68, "T", "SMD", "GND", "GND", "R", 42.13, 20.95, 0, 270],
		[29, "NPN_3", 2010, -1550.32, "T", "SMD", "$1N321", "", "R", 42.13, 20.95, 0, 270],
		[30, "Rx_1", 1848.51, -1067.57, "B", "SMD", "$1N823", "", "R", 39.37, 55.1, 0, 90],
		[31, "Rx_2", 1848.51, -984.87, "B", "SMD", "IRM", "", "R", 39.37, 55.1, 0, 90],
		[32, "Tx_1", 2195, -1446.35, "T", "SMD", "+5V", "", "R", 39.37, 55.1, 0, 90],
		[33, "Tx_2", 2195, -1363.65, "T", "SMD", "$1N734", "", "R", 39.37, 55.1, 0, 90]
	]
}
}