{
"lengthUnit": "mil",
"remark": [],
"components": {
	"fields": ["COMPONENT_NO", "COMPONENT_NAME", "LAYER", "X_COORDINATE", "Y_COORDINATE", "ANGLE"],
	"rows": [
		[1, "1kR", "T", 2081.707, -451.576, 180],
		[2, "H1", "T", 2080, -1215, 180],
		[3, "NPN", "T", 2310, -435, 270],
		[4, "RELAY", "T", 2030, -830, 0],
		[5, "SS14", "T", 1831.555, -447.836, 0],
		[6, "PAD1", "T", 1908.915, -447.836, 0],
		[7, "PAD2", "T", 1754.195, -447.836, 0],
		[8, "PAD3", "T", 2272.6, -483.625, 0],
		[9, "PAD4", "T", 2347.4, -483.625, 0],
		[10, "PAD5", "T", 2310, -386.375, 0],
		[11, "PAD6", "T", 2042.337, -451.576, 0],
		[12, "PAD7", "T", 2121.077, -451.576, 0],
		[13, "PAD8", "T", 2309.53, -1066.2, 0],
		[14, "PAD8", "B", 2309.53, -1066.2, 0],
		[15, "PAD9", "T", 1750.47, -830, 0],
		[16, "PAD9", "B", 1750.47, -830, 0],
		[17, "PAD10", "T", 1829.21, -593.78, 0],
		[18, "PAD10", "B", 1829.21, -593.78, 0],
		[19, "PAD11", "T", 1829.21, -1066.22, 0],
		[20, "PAD11", "B", 1829.21, -1066.22, 0],
		[21, "PAD12", "T", 2309.53, -593.8, 0],
		[22, "PAD12", "B", 2309.53, -593.8, 0],
		[23, "PAD13", "T", 1830, -1215, 0],
		[24, "PAD13", "B", 1830, -1215, 0],
		[25, "PAD14", "T", 1930, -1215, 0],
		[26, "PAD14", "B", 1930, -1215, 0],
		[27, "PAD15", "T", 2030, -1215, 0],
		[28, "PAD15", "B", 2030, -1215, 0],
		[29, "PAD16", "T", 2130, -1215, 0],
		[30, "PAD16", "B", 2130, -1215, 0],
		[31, "PAD17", "T", 2230, -1215, 0],
		[32, "PAD17", "B", 2230, -1215, 0],
		[33, "PAD18", "T", 2330, -1215, 0],
		[34, "PAD18", "B", 2330, -1215, 0]
	]
},
"pins": {
	"fields": ["PIN_NO", "PIN_NAME", "PIN_X", "PIN_Y", "LAYER", "PIN_TYPE", "NET_NAME", "NET_TYPE", "PAD_SHAPE", "PAD_SIZEX", "PAD_SIZEY", "HOLE_SIZE", "HOLE_LEN", "PAD_ANGLE"],
	"rows": [
		[1, "1kR_1", 2121.077, -451.576, "T", "SMD", "REL", "", "R", 44.588, 54.213, 0, 0, 180],
		[2, "1kR_2", 2042.337, -451.576, "T", "SMD", "$1N356", "", "R", 44.588, 54.213, 0, 0, 180],
		[3, "H1_1", 2330, -1215, "T", "DIP", "GND", "GND", "R", 70.866, 70.866, 40.158, 40.158, 180],
		[4, "H1_1", 2330, -1215, "B", "DIP", "GND", "GND", "R", 70.866, 70.866, 40.158, 40.158, 180],
		[5, "H1_2", 2230, -1215, "T", "DIP", "COM", "", "C", 62.992, 62.992, 40.158, 40.158, 180],
		[6, "H1_2", 2230, -1215, "B", "DIP", "COM", "", "C", 62.992, 62.992, 40.158, 40.158, 180],
		[7, "H1_3", 2130, -1215, "T", "DIP", "NC", "", "C", 62.992, 62.992, 40.158, 40.158, 180],
		[8, "H1_3", 2130, -1215, "B", "DIP", "NC", "", "C", 62.992, 62.992, 40.158, 40.158, 180],
		[9, "H1_4", 2030, -1215, "T", "DIP", "NO", "", "C", 62.992, 62.992, 40.158, 40.158, 180],
		[10, "H1_4", 2030, -1215, "B", "DIP", "NO", "", "C", 62.992, 62.992, 40.158, 40.158, 180],
		[11, "H1_5", 1930, -1215, "T", "DIP", "REL", "", "C", 62.992, 62.992, 40.158, 40.158, 180],
		[12, "H1_5", 1930, -1215, "B", "DIP", "REL", "", "C", 62.992, 62.992, 40.158, 40.158, 180],
		[13, "H1_6", 1830, -1215, "T", "DIP", "+5V", "", "C", 62.992, 62.992, 40.158, 40.158, 180],
		[14, "H1_6", 1830, -1215, "B", "DIP", "+5V", "", "C", 62.992, 62.992, 40.158, 40.158, 180],
		[15, "NPN_1", 2272.6, -483.625, "T", "SMD", "$1N356", "", "R", 42.126, 23.622, 0, 0, 270],
		[16, "NPN_2", 2347.4, -483.625, "T", "SMD", "GND", "GND", "R", 42.126, 23.622, 0, 0, 270],
		[17, "NPN_3", 2310, -386.375, "T", "SMD", "$1N359", "", "R", 42.126, 23.622, 0, 0, 270],
		[18, "RELAY_1", 1829.21, -1066.22, "T", "DIP", "$1N359", "", "C", 110, 110, 60, 60, 180],
		[19, "RELAY_1", 1829.21, -1066.22, "B", "DIP", "$1N359", "", "C", 110, 110, 60, 60, 180],
		[20, "RELAY_2", 2309.53, -1066.2, "T", "DIP", "NO", "", "C", 110, 110, 60, 60, 180],
		[21, "RELAY_2", 2309.53, -1066.2, "B", "DIP", "NO", "", "C", 110, 110, 60, 60, 180],
		[22, "RELAY_3", 2309.53, -593.8, "T", "DIP", "NC", "", "C", 110, 110, 60, 60, 180],
		[23, "RELAY_3", 2309.53, -593.8, "B", "DIP", "NC", "", "C", 110, 110, 60, 60, 180],
		[24, "RELAY_4", 1829.21, -593.78, "T", "DIP", "+5V", "", "C", 110, 110, 60, 60, 180],
		[25, "RELAY_4", 1829.21, -593.78, "B", "DIP", "+5V", "", "C", 110, 110, 60, 60, 180],
		[26, "RELAY_5", 1750.47, -830, "T", "DIP", "COM", "", "C", 110, 110, 60, 60, 180],
		[27, "RELAY_5", 1750.47, -830, "B", "DIP", "COM", "", "C", 110, 110, 60, 60, 180],
		[28, "SS14_1", 1754.195, -447.836, "T", "SMD", "+5V", "", "R", 59.842, 66.142, 0, 0, 0],
		[29, "SS14_2", 1908.915, -447.836, "T", "SMD", "$1N359", "", "R", 59.842, 66.142, 0, 0, 0],
		[30, "PAD1_2", 1908.915, -447.836, "T", "SMD", "$1N359", "", "R", 59.842, 66.142, 0, 0, 0],
		[31, "PAD2_1", 1754.195, -447.836, "T", "SMD", "+5V", "", "R", 59.842, 66.142, 0, 0, 0],
		[32, "PAD3_1", 2272.6, -483.625, "T", "SMD", "$1N356", "", "R", 42.126, 23.622, 0, 0, 270],
		[33, "PAD4_2", 2347.4, -483.625, "T", "SMD", "GND", "GND", "R", 42.126, 23.622, 0, 0, 270],
		[34, "PAD5_3", 2310, -386.375, "T", "SMD", "$1N359", "", "R", 42.126, 23.622, 0, 0, 270],
		[35, "PAD6_2", 2042.337, -451.576, "T", "SMD", "$1N356", "", "R", 44.588, 54.213, 0, 0, 180],
		[36, "PAD7_1", 2121.077, -451.576, "T", "SMD", "REL", "", "R", 44.588, 54.213, 0, 0, 180],
		[37, "PAD8_2", 2309.53, -1066.2, "T", "DIP", "NO", "", "C", 110, 110, 60, 60, 180],
		[38, "PAD8_2", 2309.53, -1066.2, "B", "DIP", "NO", "", "C", 110, 110, 60, 60, 180],
		[39, "PAD9_5", 1750.47, -830, "T", "DIP", "COM", "", "C", 110, 110, 60, 60, 180],
		[40, "PAD9_5", 1750.47, -830, "B", "DIP", "COM", "", "C", 110, 110, 60, 60, 180],
		[41, "PAD10_4", 1829.21, -593.78, "T", "DIP", "+5V", "", "C", 110, 110, 60, 60, 180],
		[42, "PAD10_4", 1829.21, -593.78, "B", "DIP", "+5V", "", "C", 110, 110, 60, 60, 180],
		[43, "PAD11_1", 1829.21, -1066.22, "T", "DIP", "$1N359", "", "C", 110, 110, 60, 60, 180],
		[44, "PAD11_1", 1829.21, -1066.22, "B", "DIP", "$1N359", "", "C", 110, 110, 60, 60, 180],
		[45, "PAD12_3", 2309.53, -593.8, "T", "DIP", "NC", "", "C", 110, 110, 60, 60, 180],
		[46, "PAD12_3", 2309.53, -593.8, "B", "DIP", "NC", "", "C", 110, 110, 60, 60, 180],
		[47, "PAD13_6", 1830, -1215, "T", "DIP", "+5V", "", "C", 62.992, 62.992, 40.158, 40.158, 180],
		[48, "PAD13_6", 1830, -1215, "B", "DIP", "+5V", "", "C", 62.992, 62.992, 40.158, 40.158, 180],
		[49, "PAD14_5", 1930, -1215, "T", "DIP", "REL", "", "C", 62.992, 62.992, 40.158, 40.158, 180],
		[50, "PAD14_5", 1930, -1215, "B", "DIP", "REL", "", "C", 62.992, 62.992, 40.158, 40.158, 180],
		[51, "PAD15_4", 2030, -1215, "T", "DIP", "NO", "", "C", 62.992, 62.992, 40.158, 40.158, 180],
		[52, "PAD15_4", 2030, -1215, "B", "DIP", "NO", "", "C", 62.992, 62.992, 40.158, 40.158, 180],
		[53, "PAD16_3", 2130, -1215, "T", "DIP", "NC", "", "C", 62.992, 62.992, 40.158, 40.158, 180],
		[54, "PAD16_3", 2130, -1215, "B", "DIP", "NC", "", "C", 62.992, 62.992, 40.158, 40.158, 180],
		[55, "PAD17_2", 2230, -1215, "T", "DIP", "COM", "", "C", 62.992, 62.992, 40.158, 40.158, 180],
		[56, "PAD17_2", 2230, -1215, "B", "DIP", "COM", "", "C", 62.992, 62.992, 40.158, 40.158, 180],
		[57, "PAD18_1", 2330, -1215, "T", "DIP", "GND", "GND", "R", 70.866, 70.866, 40.158, 40.158, 180],
		[58, "PAD18_1", 2330, -1215, "B", "DIP", "GND", "GND", "R", 70.866, 70.866, 40.158, 40.158, 180]
	]
}
}