{
"lengthUnit": "mil",
"remark": [],
"components": {
	"fields": ["COMPONENT_NO", "COMPONENT_NAME", "LAYER", "X_COORDINATE", "Y_COORDINATE", "ANGLE"],
	"rows": [
		[1, "1kR", "T", 1570, -2150, 0],
		[2, "1kR", "T", 1350.677, -2180.7795, 0],
		[3, "1.2kR", "T", 1613.301, -1342.7795, 0],
		[4, "10uF", "T", 1619.417, -1465.6565, 0],
		[5, "56R1W", "T", 1333.688, -1391.881, 0],
		[6, "8205A", "T", 1595, -1895, 0],
		[7, "Charge", "T", 1335, -1910, 0],
		[8, "DW01A", "T", 1605, -1640, 0],
		[9, "Full", "T", 1337.235, -2052.7795, 0],
		[10, "H1", "T", 1416, -2469.399, 180],
		[11, "TIP3055", "B", 1415.052, -1060, 0],
		[12, "TP4056", "T", 1330, -1695, 270],
		[13, "PAD1", "T", 1658.787, -1465.6565, 0],
		[14, "PAD2", "T", 1580.047, -1465.6565, 0],
		[15, "PAD3", "T", 1516, -2469.399, 0],
		[16, "PAD3", "B", 1516, -2469.399, 0],
		[17, "PAD4", "T", 1416, -2469.399, 0],
		[18, "PAD4", "B", 1416, -2469.399, 0],
		[19, "PAD5", "T", 1316, -2469.399, 0],
		[20, "PAD5", "B", 1316, -2469.399, 0],
		[21, "PAD6", "T", 1293.65, -1910, 0],
		[22, "PAD7", "T", 1376.35, -1910, 0],
		[23, "PAD8", "T", 1295.885, -2052.7795, 0],
		[24, "PAD9", "T", 1378.585, -2052.7795, 0],
		[25, "PAD10", "T", 1582.21, -2010.24, 0],
		[26, "PAD11", "T", 1607.8, -2010.24, 0],
		[27, "PAD12", "T", 1633.39, -2010.24, 0],
		[28, "PAD13", "T", 1582.21, -1779.76, 0],
		[29, "PAD14", "T", 1607.8, -1779.76, 0],
		[30, "PAD15", "T", 1633.39, -1779.76, 0],
		[31, "PAD16", "T", 1629.627, -1060, 0],
		[32, "PAD16", "B", 1629.627, -1060, 0],
		[33, "PAD17", "T", 1200.477, -1060, 0],
		[34, "PAD17", "B", 1200.477, -1060, 0],
		[35, "PAD18", "T", 1415.057, -1060, 0],
		[36, "PAD18", "B", 1415.057, -1060, 0],
		[37, "PAD19", "T", 1608.04, -2150, 0],
		[38, "PAD20", "T", 1531.96, -2150, 0],
		[39, "PAD21", "T", 1651.341, -1342.7795, 0],
		[40, "PAD22", "T", 1575.261, -1342.7795, 0],
		[41, "PAD23", "T", 1388.717, -2180.7795, 0],
		[42, "PAD24", "T", 1312.637, -2180.7795, 0],
		[43, "PAD25", "T", 1454.408, -1391.881, 0],
		[44, "PAD26", "T", 1212.968, -1391.881, 0],
		[45, "PAD27", "T", 1215.5, -1620, 0],
		[46, "PAD28", "T", 1215.5, -1670, 0],
		[47, "PAD29", "T", 1215.5, -1720, 0],
		[48, "PAD30", "T", 1215.5, -1770, 0],
		[49, "PAD31", "T", 1444.5, -1770, 0],
		[50, "PAD32", "T", 1444.5, -1720, 0],
		[51, "PAD33", "T", 1444.5, -1670, 0],
		[52, "PAD34", "T", 1444.5, -1620, 0],
		[53, "PAD35", "T", 1330, -1695, 0],
		[54, "PAD36", "T", 1567.6, -1685.24, 0],
		[55, "PAD37", "T", 1642.4, -1685.24, 0],
		[56, "PAD38", "T", 1605, -1594.76, 0],
		[57, "PAD39", "T", 1567.6, -1594.76, 0]
	]
},
"pins": {
	"fields": ["PIN_NO", "PIN_NAME", "PIN_X", "PIN_Y", "LAYER", "PIN_TYPE", "NET_NAME", "NET_TYPE", "PAD_SHAPE", "PAD_SIZEX", "PAD_SIZEY", "HOLE_SIZE", "HOLE_LEN", "PAD_ANGLE"],
	"rows": [
		[1, "1kR_1", 1531.96, -2150, "T", "SMD", "$1N683", "", "R", 44.588, 54.213, 0, 0, 0],
		[2, "1kR_2", 1608.04, -2150, "T", "SMD", "$1N681", "", "R", 44.588, 54.213, 0, 0, 0],
		[3, "1kR_1", 1312.637, -2180.7795, "T", "SMD", "$1N693", "", "R", 44.588, 54.213, 0, 0, 0],
		[4, "1kR_2", 1388.717, -2180.7795, "T", "SMD", "$1N682", "", "R", 44.588, 54.213, 0, 0, 0],
		[5, "1.2kR_1", 1575.261, -1342.7795, "T", "SMD", "$1N686", "", "R", 44.588, 54.213, 0, 0, 0],
		[6, "1.2kR_2", 1651.341, -1342.7795, "T", "SMD", "GND", "GND", "R", 44.588, 54.213, 0, 0, 0],
		[7, "10uF_1", 1580.047, -1465.6565, "T", "SMD", "GND", "GND", "R", 55.512, 53.15, 0, 0, 0],
		[8, "10uF_2", 1658.787, -1465.6565, "T", "SMD", "+5V", "", "R", 55.512, 53.15, 0, 0, 0],
		[9, "56R1W_1", 1212.968, -1391.881, "T", "SMD", "BAT+", "", "R", 50.493, 136.063, 0, 0, 0],
		[10, "56R1W_2", 1454.408, -1391.881, "T", "SMD", "$1N696", "", "R", 50.493, 136.063, 0, 0, 0],
		[11, "8205A_1", 1556.61, -2010.24, "T", "SMD", "NET_1", "", "O", 13.898, 57.244, 0, 0, 0],
		[12, "8205A_2", 1582.21, -2010.24, "T", "SMD", "$1N691", "", "O", 13.898, 57.244, 0, 0, 0],
		[13, "8205A_3", 1607.8, -2010.24, "T", "SMD", "$1N691", "", "O", 13.898, 57.244, 0, 0, 0],
		[14, "8205A_4", 1633.39, -2010.24, "T", "SMD", "$1N690", "", "O", 13.898, 57.244, 0, 0, 0],
		[15, "8205A_5", 1633.39, -1779.76, "T", "SMD", "$1N689", "", "O", 13.898, 57.244, 0, 0, 0],
		[16, "8205A_6", 1607.8, -1779.76, "T", "SMD", "GND", "GND", "O", 13.898, 57.244, 0, 0, 0],
		[17, "8205A_7", 1582.21, -1779.76, "T", "SMD", "GND", "GND", "O", 13.898, 57.244, 0, 0, 0],
		[18, "8205A_8", 1556.61, -1779.76, "T", "SMD", "NET_2", "", "O", 13.898, 57.244, 0, 0, 0],
		[19, "Charge_1", 1376.35, -1910, "T", "SMD", "+5V", "", "R", 39.37, 55.1, 0, 0, 180],
		[20, "Charge_2", 1293.65, -1910, "T", "SMD", "$1N683", "", "R", 39.37, 55.1, 0, 0, 180],
		[21, "DW01A_1", 1567.6, -1685.24, "T", "SMD", "$1N690", "", "R", 20.945, 42.205, 0, 0, 0],
		[22, "DW01A_2", 1605, -1685.24, "T", "SMD", "NET_3", "", "R", 20.945, 42.205, 0, 0, 0],
		[23, "DW01A_3", 1642.4, -1685.24, "T", "SMD", "$1N689", "", "R", 20.945, 42.205, 0, 0, 0],
		[24, "DW01A_4", 1642.4, -1594.76, "T", "SMD", "NET_4", "", "R", 20.945, 42.205, 0, 0, 0],
		[25, "DW01A_5", 1605, -1594.76, "T", "SMD", "BAT+", "", "R", 20.945, 42.205, 0, 0, 0],
		[26, "DW01A_6", 1567.6, -1594.76, "T", "SMD", "GND", "GND", "R", 20.945, 42.205, 0, 0, 0],
		[27, "Full_1", 1378.585, -2052.7795, "T", "SMD", "+5V", "", "R", 39.37, 55.1, 0, 0, 180],
		[28, "Full_2", 1295.885, -2052.7795, "T", "SMD", "$1N693", "", "R", 39.37, 55.1, 0, 0, 180],
		[29, "H1_1", 1516, -2469.399, "T", "DIP", "GND", "GND", "R", 66.929, 66.929, 43.308, 43.308, 180],
		[30, "H1_1", 1516, -2469.399, "B", "DIP", "GND", "GND", "R", 66.929, 66.929, 43.308, 43.308, 180],
		[31, "H1_2", 1416, -2469.399, "T", "DIP", "BAT+", "", "C", 66.929, 66.929, 43.308, 43.308, 180],
		[32, "H1_2", 1416, -2469.399, "B", "DIP", "BAT+", "", "C", 66.929, 66.929, 43.308, 43.308, 180],
		[33, "H1_3", 1316, -2469.399, "T", "DIP", "+5V", "", "C", 66.929, 66.929, 43.308, 43.308, 180],
		[34, "H1_3", 1316, -2469.399, "B", "DIP", "+5V", "", "C", 66.929, 66.929, 43.308, 43.308, 180],
		[35, "TIP3055_1", 1200.477, -1060, "T", "DIP", "$1N696", "", "R", 114.173, 114.173, 66.93, 70.276, 0],
		[36, "TIP3055_1", 1200.477, -1060, "B", "DIP", "$1N696", "", "R", 114.173, 114.173, 66.93, 70.276, 0],
		[37, "TIP3055_2", 1415.057, -1060, "T", "DIP", "GND", "GND", "C", 114.173, 114.173, 66.93, 66.93, 0],
		[38, "TIP3055_2", 1415.057, -1060, "B", "DIP", "GND", "GND", "C", 114.173, 114.173, 66.93, 66.93, 0],
		[39, "TIP3055_3", 1629.627, -1060, "T", "DIP", "GND", "GND", "C", 114.173, 114.173, 66.93, 66.93, 0],
		[40, "TIP3055_3", 1629.627, -1060, "B", "DIP", "GND", "GND", "C", 114.173, 114.173, 66.93, 66.93, 0],
		[41, "TP4056_1", 1215.5, -1620, "T", "SMD", "GND", "GND", "R", 23.622, 47.244, 0, 0, 270],
		[42, "TP4056_2", 1215.5, -1670, "T", "SMD", "$1N686", "", "R", 23.622, 47.244, 0, 0, 270],
		[43, "TP4056_3", 1215.5, -1720, "T", "SMD", "GND", "GND", "R", 23.622, 47.244, 0, 0, 270],
		[44, "TP4056_4", 1215.5, -1770, "T", "SMD", "+5V", "", "R", 23.622, 47.244, 0, 0, 270],
		[45, "TP4056_5", 1444.5, -1770, "T", "SMD", "BAT+", "", "R", 23.622, 47.244, 0, 0, 270],
		[46, "TP4056_6", 1444.5, -1720, "T", "SMD", "$1N682", "", "R", 23.622, 47.244, 0, 0, 270],
		[47, "TP4056_7", 1444.5, -1670, "T", "SMD", "$1N681", "", "R", 23.622, 47.244, 0, 0, 270],
		[48, "TP4056_8", 1444.5, -1620, "T", "SMD", "+5V", "", "R", 23.622, 47.244, 0, 0, 270],
		[49, "TP4056_9", 1330, -1695, "T", "SMD", "GND", "GND", "R", 129.921, 94.488, 0, 0, 90],
		[50, "PAD1_2", 1658.787, -1465.6565, "T", "SMD", "+5V", "", "R", 55.512, 53.15, 0, 0, 0],
		[51, "PAD2_1", 1580.047, -1465.6565, "T", "SMD", "GND", "GND", "R", 55.512, 53.15, 0, 0, 0],
		[52, "PAD3_1", 1516, -2469.399, "T", "DIP", "GND", "GND", "R", 66.929, 66.929, 43.308, 43.308, 180],
		[53, "PAD3_1", 1516, -2469.399, "B", "DIP", "GND", "GND", "R", 66.929, 66.929, 43.308, 43.308, 180],
		[54, "PAD4_2", 1416, -2469.399, "T", "DIP", "BAT+", "", "C", 66.929, 66.929, 43.308, 43.308, 180],
		[55, "PAD4_2", 1416, -2469.399, "B", "DIP", "BAT+", "", "C", 66.929, 66.929, 43.308, 43.308, 180],
		[56, "PAD5_3", 1316, -2469.399, "T", "DIP", "+5V", "", "C", 66.929, 66.929, 43.308, 43.308, 180],
		[57, "PAD5_3", 1316, -2469.399, "B", "DIP", "+5V", "", "C", 66.929, 66.929, 43.308, 43.308, 180],
		[58, "PAD6_2", 1293.65, -1910, "T", "SMD", "$1N683", "", "R", 39.37, 55.1, 0, 0, 180],
		[59, "PAD7_1", 1376.35, -1910, "T", "SMD", "+5V", "", "R", 39.37, 55.1, 0, 0, 180],
		[60, "PAD8_2", 1295.885, -2052.7795, "T", "SMD", "$1N693", "", "R", 39.37, 55.1, 0, 0, 180],
		[61, "PAD9_1", 1378.585, -2052.7795, "T", "SMD", "+5V", "", "R", 39.37, 55.1, 0, 0, 180],
		[62, "PAD10_2", 1582.21, -2010.24, "T", "SMD", "$1N691", "", "O", 13.898, 57.244, 0, 0, 0],
		[63, "PAD11_3", 1607.8, -2010.24, "T", "SMD", "$1N691", "", "O", 13.898, 57.244, 0, 0, 0],
		[64, "PAD12_4", 1633.39, -2010.24, "T", "SMD", "$1N690", "", "O", 13.898, 57.244, 0, 0, 0],
		[65, "PAD13_7", 1582.21, -1779.76, "T", "SMD", "GND", "GND", "O", 13.898, 57.244, 0, 0, 0],
		[66, "PAD14_6", 1607.8, -1779.76, "T", "SMD", "GND", "GND", "O", 13.898, 57.244, 0, 0, 0],
		[67, "PAD15_5", 1633.39, -1779.76, "T", "SMD", "$1N689", "", "O", 13.898, 57.244, 0, 0, 0],
		[68, "PAD16_3", 1629.627, -1060, "T", "DIP", "GND", "GND", "C", 114.173, 114.173, 66.93, 66.93, 0],
		[69, "PAD16_3", 1629.627, -1060, "B", "DIP", "GND", "GND", "C", 114.173, 114.173, 66.93, 66.93, 0],
		[70, "PAD17_1", 1200.477, -1060, "T", "DIP", "$1N696", "", "R", 114.173, 114.173, 66.93, 70.276, 0],
		[71, "PAD17_1", 1200.477, -1060, "B", "DIP", "$1N696", "", "R", 114.173, 114.173, 66.93, 70.276, 0],
		[72, "PAD18_2", 1415.057, -1060, "T", "DIP", "GND", "GND", "C", 114.173, 114.173, 66.93, 66.93, 0],
		[73, "PAD18_2", 1415.057, -1060, "B", "DIP", "GND", "GND", "C", 114.173, 114.173, 66.93, 66.93, 0],
		[74, "PAD19_2", 1608.04, -2150, "T", "SMD", "$1N681", "", "R", 44.588, 54.213, 0, 0, 0],
		[75, "PAD20_1", 1531.96, -2150, "T", "SMD", "$1N683", "", "R", 44.588, 54.213, 0, 0, 0],
		[76, "PAD21_2", 1651.341, -1342.7795, "T", "SMD", "GND", "GND", "R", 44.588, 54.213, 0, 0, 0],
		[77, "PAD22_1", 1575.261, -1342.7795, "T", "SMD", "$1N686", "", "R", 44.588, 54.213, 0, 0, 0],
		[78, "PAD23_2", 1388.717, -2180.7795, "T", "SMD", "$1N682", "", "R", 44.588, 54.213, 0, 0, 0],
		[79, "PAD24_1", 1312.637, -2180.7795, "T", "SMD", "$1N693", "", "R", 44.588, 54.213, 0, 0, 0],
		[80, "PAD25_2", 1454.408, -1391.881, "T", "SMD", "$1N696", "", "R", 50.493, 136.063, 0, 0, 0],
		[81, "PAD26_1", 1212.968, -1391.881, "T", "SMD", "BAT+", "", "R", 50.493, 136.063, 0, 0, 0],
		[82, "PAD27_1", 1215.5, -1620, "T", "SMD", "GND", "GND", "R", 23.622, 47.244, 0, 0, 270],
		[83, "PAD28_2", 1215.5, -1670, "T", "SMD", "$1N686", "", "R", 23.622, 47.244, 0, 0, 270],
		[84, "PAD29_3", 1215.5, -1720, "T", "SMD", "GND", "GND", "R", 23.622, 47.244, 0, 0, 270],
		[85, "PAD30_4", 1215.5, -1770, "T", "SMD", "+5V", "", "R", 23.622, 47.244, 0, 0, 270],
		[86, "PAD31_5", 1444.5, -1770, "T", "SMD", "BAT+", "", "R", 23.622, 47.244, 0, 0, 270],
		[87, "PAD32_6", 1444.5, -1720, "T", "SMD", "$1N682", "", "R", 23.622, 47.244, 0, 0, 270],
		[88, "PAD33_7", 1444.5, -1670, "T", "SMD", "$1N681", "", "R", 23.622, 47.244, 0, 0, 270],
		[89, "PAD34_8", 1444.5, -1620, "T", "SMD", "+5V", "", "R", 23.622, 47.244, 0, 0, 270],
		[90, "PAD35_9", 1330, -1695, "T", "SMD", "GND", "GND", "R", 129.921, 94.488, 0, 0, 90],
		[91, "PAD36_1", 1567.6, -1685.24, "T", "SMD", "$1N690", "", "R", 20.945, 42.205, 0, 0, 0],
		[92, "PAD37_3", 1642.4, -1685.24, "T", "SMD", "$1N689", "", "R", 20.945, 42.205, 0, 0, 0],
		[93, "PAD38_5", 1605, -1594.76, "T", "SMD", "BAT+", "", "R", 20.945, 42.205, 0, 0, 0],
		[94, "PAD39_6", 1567.6, -1594.76, "T", "SMD", "GND", "GND", "R", 20.945, 42.205, 0, 0, 0]
	]
}
}