{
"lengthUnit": "mil",
"remark": [],
"components": {
	"fields": ["COMPONENT_NO", "COMPONENT_NAME", "LAYER", "X_COORDINATE", "Y_COORDINATE", "ANGLE"],
	"rows": [
		[1, "1kR", "T", 2550, -1695, 0],
		[2, "1kR", "T", 2547.884, -1509.37, 0],
		[3, "10kR", "T", 2550, -1605, 0],
		[4, "10kR", "T", 2547.954, -1424.48, 0],
		[5, "10kR POTM", "T", 2310, -1525, 0],
		[6, "100nF", "T", 2230, -1810, 90],
		[7, "100nF", "T", 2345, -1810, 90],
		[8, "100R", "T", 2487.0664, -1780.956, 0],
		[9, "H1", "T", 2315, -1980, 0],
		[10, "IR-Rx", "T", 2265, -1015, 0],
		[11, "IR-Tx", "T", 2520, -1015, 0],
		[12, "LM393", "T", 2325, -1270, 0],
		[13, "POWER", "T", 2540, -1945, 270],
		[14, "SWITCH", "T", 2531.2447, -1268.56, 270],
		[15, "PAD1", "T", 2215, -1980, 0],
		[16, "PAD1", "B", 2215, -1980, 0],
		[17, "PAD2", "T", 2315, -1980, 0],
		[18, "PAD2", "B", 2315, -1980, 0],
		[19, "PAD3", "T", 2415, -1980, 0],
		[20, "PAD3", "B", 2415, -1980, 0],
		[21, "PAD4", "T", 2540, -1903.65, 0],
		[22, "PAD5", "T", 2540, -1986.35, 0],
		[23, "PAD6", "T", 2531.2447, -1227.21, 0],
		[24, "PAD7", "T", 2531.2447, -1309.91, 0],
		[25, "PAD8", "T", 2410, -1575, 0],
		[26, "PAD8", "B", 2410, -1575, 0],
		[27, "PAD9", "T", 2310, -1475, 0],
		[28, "PAD9", "B", 2310, -1475, 0],
		[29, "PAD10", "T", 2210, -1575, 0],
		[30, "PAD10", "B", 2210, -1575, 0],
		[31, "PAD11", "T", 2218.696, -1245.005, 0],
		[32, "PAD12", "T", 2218.696, -1345.005, 0],
		[33, "PAD13", "T", 2431.296, -1195.005, 0],
		[34, "PAD14", "T", 2431.296, -1345.005, 0],
		[35, "PAD15", "T", 2431.296, -1245.005, 0],
		[36, "PAD16", "T", 2570, -1015, 0],
		[37, "PAD16", "B", 2570, -1015, 0],
		[38, "PAD17", "T", 2470, -1015, 0],
		[39, "PAD17", "B", 2470, -1015, 0],
		[40, "PAD18", "T", 2315, -1015, 0],
		[41, "PAD18", "B", 2315, -1015, 0],
		[42, "PAD19", "T", 2215, -1015, 0],
		[43, "PAD19", "B", 2215, -1015, 0],
		[44, "PAD20", "T", 2230, -1788.54, 0],
		[45, "PAD21", "T", 2230, -1831.46, 0],
		[46, "PAD22", "T", 2345, -1788.54, 0],
		[47, "PAD23", "T", 2345, -1831.46, 0],
		[48, "PAD24", "T", 2567.04, -1605, 0],
		[49, "PAD25", "T", 2532.96, -1605, 0],
		[50, "PAD26", "T", 2567.04, -1695, 0],
		[51, "PAD27", "T", 2532.96, -1695, 0],
		[52, "PAD28", "T", 2564.924, -1509.37, 0],
		[53, "PAD29", "T", 2530.844, -1509.37, 0],
		[54, "PAD30", "T", 2564.994, -1424.48, 0],
		[55, "PAD31", "T", 2530.914, -1424.48, 0],
		[56, "PAD32", "T", 2526.4364, -1780.956, 0],
		[57, "PAD33", "T", 2447.6964, -1780.956, 0]
	]
},
"pins": {
	"fields": ["PIN_NO", "PIN_NAME", "PIN_X", "PIN_Y", "LAYER", "PIN_TYPE", "NET_NAME", "NET_TYPE", "PAD_SHAPE", "PAD_SIZEX", "PAD_SIZEY", "HOLE_SIZE", "HOLE_LEN", "PAD_ANGLE"],
	"rows": [
		[1, "1kR_1", 2532.96, -1695, "T", "SMD", "OUT", "", "R", 22.27, 21.26, 0, 0, 0],
		[2, "1kR_2", 2567.04, -1695, "T", "SMD", "$1N614", "", "R", 22.27, 21.26, 0, 0, 0],
		[3, "1kR_1", 2530.844, -1509.37, "T", "SMD", "GND", "GND", "R", 22.27, 21.26, 0, 0, 0],
		[4, "1kR_2", 2564.924, -1509.37, "T", "SMD", "$1N2552", "", "R", 22.27, 21.26, 0, 0, 0],
		[5, "10kR_1", 2532.96, -1605, "T", "SMD", "OUT", "", "R", 22.27, 21.26, 0, 0, 0],
		[6, "10kR_2", 2567.04, -1605, "T", "SMD", "+5V", "", "R", 22.27, 21.26, 0, 0, 0],
		[7, "10kR_1", 2530.914, -1424.48, "T", "SMD", "$1N2367", "", "R", 22.27, 21.26, 0, 0, 0],
		[8, "10kR_2", 2564.994, -1424.48, "T", "SMD", "+5V", "", "R", 22.27, 21.26, 0, 0, 0],
		[9, "10kR POTM_1", 2210, -1575, "T", "DIP", "GND", "GND", "C", 60, 60, 30, 30, 0],
		[10, "10kR POTM_1", 2210, -1575, "B", "DIP", "GND", "GND", "C", 60, 60, 30, 30, 0],
		[11, "10kR POTM_2", 2310, -1475, "T", "DIP", "$1N2527", "", "C", 60, 60, 30, 30, 0],
		[12, "10kR POTM_2", 2310, -1475, "B", "DIP", "$1N2527", "", "C", 60, 60, 30, 30, 0],
		[13, "10kR POTM_3", 2410, -1575, "T", "DIP", "+5V", "", "C", 60, 60, 30, 30, 0],
		[14, "10kR POTM_3", 2410, -1575, "B", "DIP", "+5V", "", "C", 60, 60, 30, 30, 0],
		[15, "100nF_1", 2230, -1831.46, "T", "SMD", "GND", "GND", "R", 31.106, 21.26, 0, 0, 90],
		[16, "100nF_2", 2230, -1788.54, "T", "SMD", "$1N2367", "", "R", 31.106, 21.26, 0, 0, 90],
		[17, "100nF_1", 2345, -1831.46, "T", "SMD", "GND", "GND", "R", 31.106, 21.26, 0, 0, 90],
		[18, "100nF_2", 2345, -1788.54, "T", "SMD", "+5V", "", "R", 31.106, 21.26, 0, 0, 90],
		[19, "100R_1", 2447.6964, -1780.956, "T", "SMD", "$1N2507", "", "R", 44.588, 54.213, 0, 0, 0],
		[20, "100R_2", 2526.4364, -1780.956, "T", "SMD", "+5V", "", "R", 44.588, 54.213, 0, 0, 0],
		[21, "H1_1", 2215, -1980, "T", "DIP", "GND", "GND", "R", 66.929, 66.929, 43.308, 43.308, 0],
		[22, "H1_1", 2215, -1980, "B", "DIP", "GND", "GND", "R", 66.929, 66.929, 43.308, 43.308, 0],
		[23, "H1_2", 2315, -1980, "T", "DIP", "OUT", "", "C", 66.929, 66.929, 43.308, 43.308, 0],
		[24, "H1_2", 2315, -1980, "B", "DIP", "OUT", "", "C", 66.929, 66.929, 43.308, 43.308, 0],
		[25, "H1_3", 2415, -1980, "T", "DIP", "+5V", "", "C", 66.929, 66.929, 43.308, 43.308, 0],
		[26, "H1_3", 2415, -1980, "B", "DIP", "+5V", "", "C", 66.929, 66.929, 43.308, 43.308, 0],
		[27, "IR-Rx_1", 2215, -1015, "T", "DIP", "GND", "GND", "C", 62.992, 62.992, 39.37, 39.37, 180],
		[28, "IR-Rx_1", 2215, -1015, "B", "DIP", "GND", "GND", "C", 62.992, 62.992, 39.37, 39.37, 180],
		[29, "IR-Rx_2", 2315, -1015, "T", "DIP", "$1N2367", "", "C", 62.992, 62.992, 39.37, 39.37, 180],
		[30, "IR-Rx_2", 2315, -1015, "B", "DIP", "$1N2367", "", "C", 62.992, 62.992, 39.37, 39.37, 180],
		[31, "IR-Tx_1", 2470, -1015, "T", "DIP", "GND", "GND", "C", 62.992, 62.992, 39.37, 39.37, 180],
		[32, "IR-Tx_1", 2470, -1015, "B", "DIP", "GND", "GND", "C", 62.992, 62.992, 39.37, 39.37, 180],
		[33, "IR-Tx_2", 2570, -1015, "T", "DIP", "$1N2507", "", "C", 62.992, 62.992, 39.37, 39.37, 180],
		[34, "IR-Tx_2", 2570, -1015, "B", "DIP", "$1N2507", "", "C", 62.992, 62.992, 39.37, 39.37, 180],
		[35, "LM393_1", 2218.696, -1195.005, "T", "SMD", "NET_1", "", "R", 61.024, 23.622, 0, 0, 0],
		[36, "LM393_2", 2218.696, -1245.005, "T", "SMD", "$1N2527", "", "R", 61.024, 23.622, 0, 0, 0],
		[37, "LM393_3", 2218.696, -1295.005, "T", "SMD", "NET_2", "", "R", 61.024, 23.622, 0, 0, 0],
		[38, "LM393_4", 2218.696, -1345.005, "T", "SMD", "GND", "GND", "R", 61.024, 23.622, 0, 0, 0],
		[39, "LM393_5", 2431.296, -1345.005, "T", "SMD", "$1N2367", "", "R", 61.024, 23.622, 0, 0, 180],
		[40, "LM393_6", 2431.296, -1295.005, "T", "SMD", "NET_3", "", "R", 61.024, 23.622, 0, 0, 180],
		[41, "LM393_7", 2431.296, -1245.005, "T", "SMD", "OUT", "", "R", 61.024, 23.622, 0, 0, 180],
		[42, "LM393_8", 2431.296, -1195.005, "T", "SMD", "+5V", "", "R", 61.024, 23.622, 0, 0, 180],
		[43, "POWER_1", 2540, -1986.35, "T", "SMD", "+5V", "", "R", 39.37, 55.1, 0, 0, 90],
		[44, "POWER_2", 2540, -1903.65, "T", "SMD", "$1N2552", "", "R", 39.37, 55.1, 0, 0, 90],
		[45, "SWITCH_1", 2531.2447, -1309.91, "T", "SMD", "+5V", "", "R", 39.37, 55.1, 0, 0, 90],
		[46, "SWITCH_2", 2531.2447, -1227.21, "T", "SMD", "$1N614", "", "R", 39.37, 55.1, 0, 0, 90],
		[47, "PAD1_1", 2215, -1980, "T", "DIP", "GND", "GND", "R", 66.929, 66.929, 43.308, 43.308, 0],
		[48, "PAD1_1", 2215, -1980, "B", "DIP", "GND", "GND", "R", 66.929, 66.929, 43.308, 43.308, 0],
		[49, "PAD2_2", 2315, -1980, "T", "DIP", "OUT", "", "C", 66.929, 66.929, 43.308, 43.308, 0],
		[50, "PAD2_2", 2315, -1980, "B", "DIP", "OUT", "", "C", 66.929, 66.929, 43.308, 43.308, 0],
		[51, "PAD3_3", 2415, -1980, "T", "DIP", "+5V", "", "C", 66.929, 66.929, 43.308, 43.308, 0],
		[52, "PAD3_3", 2415, -1980, "B", "DIP", "+5V", "", "C", 66.929, 66.929, 43.308, 43.308, 0],
		[53, "PAD4_2", 2540, -1903.65, "T", "SMD", "$1N2552", "", "R", 39.37, 55.1, 0, 0, 90],
		[54, "PAD5_1", 2540, -1986.35, "T", "SMD", "+5V", "", "R", 39.37, 55.1, 0, 0, 90],
		[55, "PAD6_2", 2531.2447, -1227.21, "T", "SMD", "$1N614", "", "R", 39.37, 55.1, 0, 0, 90],
		[56, "PAD7_1", 2531.2447, -1309.91, "T", "SMD", "+5V", "", "R", 39.37, 55.1, 0, 0, 90],
		[57, "PAD8_3", 2410, -1575, "T", "DIP", "+5V", "", "C", 60, 60, 30, 30, 0],
		[58, "PAD8_3", 2410, -1575, "B", "DIP", "+5V", "", "C", 60, 60, 30, 30, 0],
		[59, "PAD9_2", 2310, -1475, "T", "DIP", "$1N2527", "", "C", 60, 60, 30, 30, 0],
		[60, "PAD9_2", 2310, -1475, "B", "DIP", "$1N2527", "", "C", 60, 60, 30, 30, 0],
		[61, "PAD10_1", 2210, -1575, "T", "DIP", "GND", "GND", "C", 60, 60, 30, 30, 0],
		[62, "PAD10_1", 2210, -1575, "B", "DIP", "GND", "GND", "C", 60, 60, 30, 30, 0],
		[63, "PAD11_2", 2218.696, -1245.005, "T", "SMD", "$1N2527", "", "R", 61.024, 23.622, 0, 0, 0],
		[64, "PAD12_4", 2218.696, -1345.005, "T", "SMD", "GND", "GND", "R", 61.024, 23.622, 0, 0, 0],
		[65, "PAD13_8", 2431.296, -1195.005, "T", "SMD", "+5V", "", "R", 61.024, 23.622, 0, 0, 180],
		[66, "PAD14_5", 2431.296, -1345.005, "T", "SMD", "$1N2367", "", "R", 61.024, 23.622, 0, 0, 180],
		[67, "PAD15_7", 2431.296, -1245.005, "T", "SMD", "OUT", "", "R", 61.024, 23.622, 0, 0, 180],
		[68, "PAD16_2", 2570, -1015, "T", "DIP", "$1N2507", "", "C", 62.992, 62.992, 39.37, 39.37, 180],
		[69, "PAD16_2", 2570, -1015, "B", "DIP", "$1N2507", "", "C", 62.992, 62.992, 39.37, 39.37, 180],
		[70, "PAD17_1", 2470, -1015, "T", "DIP", "GND", "GND", "C", 62.992, 62.992, 39.37, 39.37, 180],
		[71, "PAD17_1", 2470, -1015, "B", "DIP", "GND", "GND", "C", 62.992, 62.992, 39.37, 39.37, 180],
		[72, "PAD18_2", 2315, -1015, "T", "DIP", "$1N2367", "", "C", 62.992, 62.992, 39.37, 39.37, 180],
		[73, "PAD18_2", 2315, -1015, "B", "DIP", "$1N2367", "", "C", 62.992, 62.992, 39.37, 39.37, 180],
		[74, "PAD19_1", 2215, -1015, "T", "DIP", "GND", "GND", "C", 62.992, 62.992, 39.37, 39.37, 180],
		[75, "PAD19_1", 2215, -1015, "B", "DIP", "GND", "GND", "C", 62.992, 62.992, 39.37, 39.37, 180],
		[76, "PAD20_2", 2230, -1788.54, "T", "SMD", "$1N2367", "", "R", 31.106, 21.26, 0, 0, 90],
		[77, "PAD21_1", 2230, -1831.46, "T", "SMD", "GND", "GND", "R", 31.106, 21.26, 0, 0, 90],
		[78, "PAD22_2", 2345, -1788.54, "T", "SMD", "+5V", "", "R", 31.106, 21.26, 0, 0, 90],
		[79, "PAD23_1", 2345, -1831.46, "T", "SMD", "GND", "GND", "R", 31.106, 21.26, 0, 0, 90],
		[80, "PAD24_2", 2567.04, -1605, "T", "SMD", "+5V", "", "R", 22.27, 21.26, 0, 0, 0],
		[81, "PAD25_1", 2532.96, -1605, "T", "SMD", "OUT", "", "R", 22.27, 21.26, 0, 0, 0],
		[82, "PAD26_2", 2567.04, -1695, "T", "SMD", "$1N614", "", "R", 22.27, 21.26, 0, 0, 0],
		[83, "PAD27_1", 2532.96, -1695, "T", "SMD", "OUT", "", "R", 22.27, 21.26, 0, 0, 0],
		[84, "PAD28_2", 2564.924, -1509.37, "T", "SMD", "$1N2552", "", "R", 22.27, 21.26, 0, 0, 0],
		[85, "PAD29_1", 2530.844, -1509.37, "T", "SMD", "GND", "GND", "R", 22.27, 21.26, 0, 0, 0],
		[86, "PAD30_2", 2564.994, -1424.48, "T", "SMD", "+5V", "", "R", 22.27, 21.26, 0, 0, 0],
		[87, "PAD31_1", 2530.914, -1424.48, "T", "SMD", "$1N2367", "", "R", 22.27, 21.26, 0, 0, 0],
		[88, "PAD32_2", 2526.4364, -1780.956, "T", "SMD", "+5V", "", "R", 44.588, 54.213, 0, 0, 0],
		[89, "PAD33_1", 2447.6964, -1780.956, "T", "SMD", "$1N2507", "", "R", 44.588, 54.213, 0, 0, 0]
	]
}
}