{
"lengthUnit": "mil",
"remark": [],
"components": {
	"fields": ["COMPONENT_NO", "COMPONENT_NAME", "LAYER", "X_COORDINATE", "Y_COORDINATE", "ANGLE"],
	"rows": [
		[1, "1kR", "T", 4305, -2650, 0],
		[2, "1kR", "T", 4719.0545, -2647.7065, 0],
		[3, "1.2kR", "T", 4235.4345, -1995.7465, 270],
		[4, "10uF", "T", 4795, -2045, 0],
		[5, "10uF", "T", 4796.1345, -1943.6715, 0],
		[6, "8205A", "T", 4290, -2250, 270],
		[7, "18650 Battery holder", "B", 4505, -1960, 180],
		[8, "BATTERY", "T", 4274.3775, -352.253, 90],
		[9, "BATTERY", "T", 4785, -320, 180],
		[10, "Battery", "T", 4255, -3625, 270],
		[11, "Charging", "T", 4305, -2810, 0],
		[12, "DW01A", "T", 4750, -2250, 270],
		[13, "Full", "T", 4720.6125, -2812.7065, 0],
		[14, "INPUT", "T", 4808.305, -3221.695, 180],
		[15, "INPUT", "T", 4725, -3850, 0],
		[16, "PMOS", "T", 4380, -3350, 270],
		[17, "PMOS", "T", 4555, -3350, 270],
		[18, "PMOS", "T", 4205, -3350, 270],
		[19, "SS14", "T", 4308.8015, -2499.1445, 0],
		[20, "SS14", "T", 4718.1505, -2497.4075, 0],
		[21, "TP4056", "T", 4500, -1995, 270],
		[22, "USB-C", "T", 4295, -3970, 90],
		[23, "USB-M", "T", 4725, -4005, 0],
		[24, "PAD1", "B", 4505, -3586.5, 0],
		[25, "PAD2", "B", 4505, -333.5, 0],
		[26, "PAD3", "T", 4834.37, -2045, 0],
		[27, "PAD4", "T", 4755.63, -2045, 0],
		[28, "PAD5", "T", 4835.5045, -1943.6715, 0],
		[29, "PAD6", "T", 4756.7645, -1943.6715, 0],
		[30, "PAD7", "T", 4263.65, -2810, 0],
		[31, "PAD8", "T", 4346.35, -2810, 0],
		[32, "PAD9", "T", 4679.2625, -2812.7065, 0],
		[33, "PAD10", "T", 4761.9625, -2812.7065, 0],
		[34, "PAD11", "T", 4174.76, -2237.21, 0],
		[35, "PAD12", "T", 4174.76, -2262.8, 0],
		[36, "PAD13", "T", 4174.76, -2288.39, 0],
		[37, "PAD14", "T", 4405.24, -2237.21, 0],
		[38, "PAD15", "T", 4405.24, -2262.8, 0],
		[39, "PAD16", "T", 4405.24, -2288.39, 0],
		[40, "PAD17", "T", 4343.04, -2650, 0],
		[41, "PAD18", "T", 4266.96, -2650, 0],
		[42, "PAD19", "T", 4757.0945, -2647.7065, 0],
		[43, "PAD20", "T", 4681.0145, -2647.7065, 0],
		[44, "PAD21", "T", 4235.4345, -2033.7865, 0],
		[45, "PAD22", "T", 4235.4345, -1957.7065, 0],
		[46, "PAD23", "T", 4385.5, -1920, 0],
		[47, "PAD24", "T", 4385.5, -1970, 0],
		[48, "PAD25", "T", 4385.5, -2020, 0],
		[49, "PAD26", "T", 4385.5, -2070, 0],
		[50, "PAD27", "T", 4614.5, -2070, 0],
		[51, "PAD28", "T", 4614.5, -2020, 0],
		[52, "PAD29", "T", 4614.5, -1970, 0],
		[53, "PAD30", "T", 4614.5, -1920, 0],
		[54, "PAD31", "T", 4500, -1995, 0],
		[55, "PAD32", "T", 4704.76, -2212.6, 0],
		[56, "PAD33", "T", 4704.76, -2287.4, 0],
		[57, "PAD34", "T", 4795.24, -2250, 0],
		[58, "PAD35", "T", 4795.24, -2212.6, 0],
		[59, "PAD36", "T", 4174.3775, -352.253, 0],
		[60, "PAD37", "T", 4274.3775, -352.253, 0],
		[61, "PAD38", "T", 4808.305, -3321.695, 0],
		[62, "PAD39", "T", 4808.305, -3221.695, 0],
		[63, "PAD40", "T", 4403.25, -3881.77, 0],
		[64, "PAD41", "T", 4354.85, -3881.77, 0],
		[65, "PAD42", "T", 4235.15, -3881.77, 0],
		[66, "PAD43", "T", 4186.75, -3881.77, 0],
		[67, "PAD44", "T", 4465.08, -3898.15, 0],
		[68, "PAD44", "B", 4465.08, -3898.15, 0],
		[69, "PAD45", "T", 4124.92, -3898.15, 0],
		[70, "PAD45", "B", 4124.92, -3898.15, 0],
		[71, "PAD46", "T", 4465.08, -4047.75, 0],
		[72, "PAD46", "B", 4465.08, -4047.75, 0],
		[73, "PAD47", "T", 4124.92, -4047.75, 0],
		[74, "PAD47", "B", 4124.92, -4047.75, 0],
		[75, "PAD48", "T", 4776.2, -3950.18, 0],
		[76, "PAD49", "T", 4673.8, -3950.18, 0],
		[77, "PAD50", "T", 4872.63, -4059.82, 0],
		[78, "PAD51", "T", 4577.37, -4059.82, 0],
		[79, "PAD52", "T", 4673.82, -4059.82, 0],
		[80, "PAD53", "T", 4776.18, -4059.82, 0],
		[81, "PAD54", "T", 4835, -320, 0],
		[82, "PAD54", "B", 4835, -320, 0],
		[83, "PAD55", "T", 4735, -320, 0],
		[84, "PAD55", "B", 4735, -320, 0],
		[85, "PAD56", "T", 4675, -3850, 0],
		[86, "PAD56", "B", 4675, -3850, 0],
		[87, "PAD57", "T", 4775, -3850, 0],
		[88, "PAD57", "B", 4775, -3850, 0],
		[89, "PAD58", "T", 4255, -3675, 0],
		[90, "PAD58", "B", 4255, -3675, 0],
		[91, "PAD59", "T", 4255, -3575, 0],
		[92, "PAD59", "B", 4255, -3575, 0],
		[93, "PAD60", "T", 4207.8015, -2499.1445, 0],
		[94, "PAD61", "T", 4409.8015, -2499.1445, 0],
		[95, "PAD62", "T", 4617.1505, -2497.4075, 0],
		[96, "PAD63", "T", 4819.1505, -2497.4075, 0],
		[97, "PAD64", "T", 4342.6, -3389.37, 0],
		[98, "PAD65", "T", 4417.4, -3389.37, 0],
		[99, "PAD66", "T", 4380, -3310.63, 0],
		[100, "PAD67", "T", 4517.6, -3389.37, 0],
		[101, "PAD68", "T", 4592.4, -3389.37, 0],
		[102, "PAD69", "T", 4555, -3310.63, 0],
		[103, "PAD70", "T", 4167.6, -3389.37, 0],
		[104, "PAD71", "T", 4242.4, -3389.37, 0],
		[105, "PAD72", "T", 4205, -3310.63, 0]
	]
},
"pins": {
	"fields": ["PIN_NO", "PIN_NAME", "PIN_X", "PIN_Y", "LAYER", "PIN_TYPE", "NET_NAME", "NET_TYPE", "PAD_SHAPE", "PAD_SIZEX", "PAD_SIZEY", "HOLE_SIZE", "HOLE_LEN", "PAD_ANGLE"],
	"rows": [
		[1, "1kR_1", 4266.96, -2650, "T", "SMD", "$1N641", "", "R", 44.588, 54.213, 0, 0, 0],
		[2, "1kR_2", 4343.04, -2650, "T", "SMD", "$1N639", "", "R", 44.588, 54.213, 0, 0, 0],
		[3, "1kR_1", 4681.0145, -2647.7065, "T", "SMD", "$1N651", "", "R", 44.588, 54.213, 0, 0, 0],
		[4, "1kR_2", 4757.0945, -2647.7065, "T", "SMD", "$1N640", "", "R", 44.588, 54.213, 0, 0, 0],
		[5, "1.2kR_1", 4235.4345, -1957.7065, "T", "SMD", "$1N644", "", "R", 44.588, 54.213, 0, 0, 270],
		[6, "1.2kR_2", 4235.4345, -2033.7865, "T", "SMD", "GND", "GND", "R", 44.588, 54.213, 0, 0, 270],
		[7, "10uF_1", 4755.63, -2045, "T", "SMD", "GND", "GND", "R", 55.512, 53.15, 0, 0, 0],
		[8, "10uF_2", 4834.37, -2045, "T", "SMD", "+5V", "", "R", 55.512, 53.15, 0, 0, 0],
		[9, "10uF_1", 4756.7645, -1943.6715, "T", "SMD", "GND", "GND", "R", 55.512, 53.15, 0, 0, 0],
		[10, "10uF_2", 4835.5045, -1943.6715, "T", "SMD", "BAT+", "", "R", 55.512, 53.15, 0, 0, 0],
		[11, "8205A_1", 4174.76, -2211.61, "T", "SMD", "NET_1", "", "O", 13.898, 57.244, 0, 0, 270],
		[12, "8205A_2", 4174.76, -2237.21, "T", "SMD", "$1N649", "", "O", 13.898, 57.244, 0, 0, 270],
		[13, "8205A_3", 4174.76, -2262.8, "T", "SMD", "$1N649", "", "O", 13.898, 57.244, 0, 0, 270],
		[14, "8205A_4", 4174.76, -2288.39, "T", "SMD", "$1N648", "", "O", 13.898, 57.244, 0, 0, 270],
		[15, "8205A_5", 4405.24, -2288.39, "T", "SMD", "$1N647", "", "O", 13.898, 57.244, 0, 0, 270],
		[16, "8205A_6", 4405.24, -2262.8, "T", "SMD", "GND", "GND", "O", 13.898, 57.244, 0, 0, 270],
		[17, "8205A_7", 4405.24, -2237.21, "T", "SMD", "GND", "GND", "O", 13.898, 57.244, 0, 0, 270],
		[18, "8205A_8", 4405.24, -2211.61, "T", "SMD", "NET_2", "", "O", 13.898, 57.244, 0, 0, 270],
		[19, "18650 Battery holder_1", 4505, -3586.5, "B", "SMD", "$1N3002", "", "R", 300, 200, 0, 0, 180],
		[20, "18650 Battery holder_2", 4505, -333.5, "B", "SMD", "BAT+", "", "R", 300, 200, 0, 0, 180],
		[21, "BATTERY_1", 4174.3775, -352.253, "T", "SMD", "BAT+", "", "R", 124.8, 50, 0, 0, 90],
		[22, "BATTERY_2", 4274.3775, -352.253, "T", "SMD", "$1N2920", "", "R", 124.8, 50, 0, 0, 90],
		[23, "BATTERY_1", 4835, -320, "T", "DIP", "BAT+", "", "R", 66.929, 66.929, 39.37, 39.37, 180],
		[24, "BATTERY_1", 4835, -320, "B", "DIP", "BAT+", "", "R", 66.929, 66.929, 39.37, 39.37, 180],
		[25, "BATTERY_2", 4735, -320, "T", "DIP", "$1N2861", "", "C", 66.929, 66.929, 39.37, 39.37, 180],
		[26, "BATTERY_2", 4735, -320, "B", "DIP", "$1N2861", "", "C", 66.929, 66.929, 39.37, 39.37, 180],
		[27, "Battery_1", 4255, -3675, "T", "DIP", "GND", "GND", "R", 70.866, 70.866, 47.244, 47.244, 90],
		[28, "Battery_1", 4255, -3675, "B", "DIP", "GND", "GND", "R", 70.866, 70.866, 47.244, 47.244, 90],
		[29, "Battery_2", 4255, -3575, "T", "DIP", "BAT+", "", "C", 70.866, 70.866, 47.244, 47.244, 90],
		[30, "Battery_2", 4255, -3575, "B", "DIP", "BAT+", "", "C", 70.866, 70.866, 47.244, 47.244, 90],
		[31, "Charging_1", 4346.35, -2810, "T", "SMD", "+5V", "", "R", 39.37, 55.1, 0, 0, 180],
		[32, "Charging_2", 4263.65, -2810, "T", "SMD", "$1N641", "", "R", 39.37, 55.1, 0, 0, 180],
		[33, "DW01A_1", 4704.76, -2212.6, "T", "SMD", "$1N648", "", "R", 20.945, 42.205, 0, 0, 270],
		[34, "DW01A_2", 4704.76, -2250, "T", "SMD", "NET_3", "", "R", 20.945, 42.205, 0, 0, 270],
		[35, "DW01A_3", 4704.76, -2287.4, "T", "SMD", "$1N647", "", "R", 20.945, 42.205, 0, 0, 270],
		[36, "DW01A_4", 4795.24, -2287.4, "T", "SMD", "NET_4", "", "R", 20.945, 42.205, 0, 0, 270],
		[37, "DW01A_5", 4795.24, -2250, "T", "SMD", "BAT+", "", "R", 20.945, 42.205, 0, 0, 270],
		[38, "DW01A_6", 4795.24, -2212.6, "T", "SMD", "GND", "GND", "R", 20.945, 42.205, 0, 0, 270],
		[39, "Full_1", 4761.9625, -2812.7065, "T", "SMD", "+5V", "", "R", 39.37, 55.1, 0, 0, 180],
		[40, "Full_2", 4679.2625, -2812.7065, "T", "SMD", "$1N651", "", "R", 39.37, 55.1, 0, 0, 180],
		[41, "INPUT_1", 4808.305, -3321.695, "T", "SMD", "$1N2640", "", "R", 124.8, 50, 0, 0, 180],
		[42, "INPUT_2", 4808.305, -3221.695, "T", "SMD", "GND", "GND", "R", 124.8, 50, 0, 0, 180],
		[43, "INPUT_1", 4675, -3850, "T", "DIP", "$1N2673", "", "R", 66.929, 66.929, 39.37, 39.37, 0],
		[44, "INPUT_1", 4675, -3850, "B", "DIP", "$1N2673", "", "R", 66.929, 66.929, 39.37, 39.37, 0],
		[45, "INPUT_2", 4775, -3850, "T", "DIP", "GND", "GND", "C", 66.929, 66.929, 39.37, 39.37, 0],
		[46, "INPUT_2", 4775, -3850, "B", "DIP", "GND", "GND", "C", 66.929, 66.929, 39.37, 39.37, 0],
		[47, "PMOS_1", 4342.6, -3389.37, "T", "SMD", "BAT+", "", "R", 49.213, 27.559, 0, 0, 270],
		[48, "PMOS_2", 4417.4, -3389.37, "T", "SMD", "$1N2861", "", "R", 49.213, 27.559, 0, 0, 270],
		[49, "PMOS_3", 4380, -3310.63, "T", "SMD", "GND", "GND", "R", 49.213, 27.559, 0, 0, 270],
		[50, "PMOS_1", 4517.6, -3389.37, "T", "SMD", "BAT+", "", "R", 49.213, 27.559, 0, 0, 270],
		[51, "PMOS_2", 4592.4, -3389.37, "T", "SMD", "$1N2920", "", "R", 49.213, 27.559, 0, 0, 270],
		[52, "PMOS_3", 4555, -3310.63, "T", "SMD", "GND", "GND", "R", 49.213, 27.559, 0, 0, 270],
		[53, "PMOS_1", 4167.6, -3389.37, "T", "SMD", "BAT+", "", "R", 49.213, 27.559, 0, 0, 270],
		[54, "PMOS_2", 4242.4, -3389.37, "T", "SMD", "$1N3002", "", "R", 49.213, 27.559, 0, 0, 270],
		[55, "PMOS_3", 4205, -3310.63, "T", "SMD", "GND", "GND", "R", 49.213, 27.559, 0, 0, 270],
		[56, "SS14_1", 4207.8015, -2499.1445, "T", "SMD", "+5V", "", "R", 86.614, 66.929, 0, 0, 0],
		[57, "SS14_2", 4409.8015, -2499.1445, "T", "SMD", "$1N2640", "", "R", 86.614, 66.929, 0, 0, 0],
		[58, "SS14_1", 4617.1505, -2497.4075, "T", "SMD", "+5V", "", "R", 86.614, 66.929, 0, 0, 0],
		[59, "SS14_2", 4819.1505, -2497.4075, "T", "SMD", "$1N2673", "", "R", 86.614, 66.929, 0, 0, 0],
		[60, "TP4056_1", 4385.5, -1920, "T", "SMD", "GND", "GND", "R", 23.622, 47.244, 0, 0, 270],
		[61, "TP4056_2", 4385.5, -1970, "T", "SMD", "$1N644", "", "R", 23.622, 47.244, 0, 0, 270],
		[62, "TP4056_3", 4385.5, -2020, "T", "SMD", "GND", "GND", "R", 23.622, 47.244, 0, 0, 270],
		[63, "TP4056_4", 4385.5, -2070, "T", "SMD", "+5V", "", "R", 23.622, 47.244, 0, 0, 270],
		[64, "TP4056_5", 4614.5, -2070, "T", "SMD", "BAT+", "", "R", 23.622, 47.244, 0, 0, 270],
		[65, "TP4056_6", 4614.5, -2020, "T", "SMD", "$1N640", "", "R", 23.622, 47.244, 0, 0, 270],
		[66, "TP4056_7", 4614.5, -1970, "T", "SMD", "$1N639", "", "R", 23.622, 47.244, 0, 0, 270],
		[67, "TP4056_8", 4614.5, -1920, "T", "SMD", "+5V", "", "R", 23.622, 47.244, 0, 0, 270],
		[68, "TP4056_9", 4500, -1995, "T", "SMD", "GND", "GND", "R", 129.921, 94.488, 0, 0, 90],
		[69, "USB-C_0", 4465.08, -3898.15, "T", "DIP", "GND", "GND", "O", 43.307, 70.866, 27.56, 55.16, 0],
		[70, "USB-C_0", 4465.08, -3898.15, "B", "DIP", "GND", "GND", "O", 43.307, 70.866, 27.56, 55.16, 0],
		[71, "USB-C_0", 4124.92, -3898.15, "T", "DIP", "GND", "GND", "O", 43.307, 70.866, 27.56, 55.16, 0],
		[72, "USB-C_0", 4124.92, -3898.15, "B", "DIP", "GND", "GND", "O", 43.307, 70.866, 27.56, 55.16, 0],
		[73, "USB-C_0", 4465.08, -4047.75, "T", "DIP", "GND", "GND", "O", 43.307, 70.866, 27.56, 55.16, 0],
		[74, "USB-C_0", 4465.08, -4047.75, "B", "DIP", "GND", "GND", "O", 43.307, 70.866, 27.56, 55.16, 0],
		[75, "USB-C_0", 4124.92, -4047.75, "T", "DIP", "GND", "GND", "O", 43.307, 70.866, 27.56, 55.16, 0],
		[76, "USB-C_0", 4124.92, -4047.75, "B", "DIP", "GND", "GND", "O", 43.307, 70.866, 27.56, 55.16, 0],
		[77, "USB-C_1", 4186.75, -3881.77, "T", "SMD", "GND", "GND", "R", 31.496, 80, 0, 0, 0],
		[78, "USB-C_2", 4235.15, -3881.77, "T", "SMD", "+5V", "", "R", 29.921, 80, 0, 0, 0],
		[79, "USB-C_3", 4275.3, -3881.77, "T", "SMD", "NET_5", "", "R", 27.559, 80, 0, 0, 0],
		[80, "USB-C_4", 4314.7, -3881.77, "T", "SMD", "NET_6", "", "R", 27.559, 80, 0, 0, 0],
		[81, "USB-C_5", 4354.85, -3881.77, "T", "SMD", "+5V", "", "R", 29.921, 80, 0, 0, 0],
		[82, "USB-C_6", 4403.25, -3881.77, "T", "SMD", "GND", "GND", "R", 31.496, 80, 0, 0, 0],
		[83, "USB-M_0", 4872.63, -4059.82, "T", "SMD", "GND", "GND", "R", 59.055, 74.803, 0, 0, 0],
		[84, "USB-M_0", 4577.37, -4059.82, "T", "SMD", "GND", "GND", "R", 59.055, 74.803, 0, 0, 0],
		[85, "USB-M_0", 4673.82, -4059.82, "T", "SMD", "GND", "GND", "R", 74.803, 74.803, 0, 0, 0],
		[86, "USB-M_0", 4776.18, -4059.82, "T", "SMD", "GND", "GND", "R", 74.803, 74.803, 0, 0, 0],
		[87, "USB-M_1", 4673.8, -3950.18, "T", "SMD", "+5V", "", "R", 53.15, 15.748, 0, 0, 270],
		[88, "USB-M_2", 4699.4, -3950.18, "T", "SMD", "NET_7", "", "R", 53.15, 15.748, 0, 0, 270],
		[89, "USB-M_3", 4725, -3950.18, "T", "SMD", "NET_8", "", "R", 53.15, 15.748, 0, 0, 270],
		[90, "USB-M_4", 4750.6, -3950.18, "T", "SMD", "NET_9", "", "R", 53.15, 15.748, 0, 0, 270],
		[91, "USB-M_5", 4776.2, -3950.18, "T", "SMD", "GND", "GND", "R", 53.15, 15.748, 0, 0, 270],
		[92, "PAD1_1", 4505, -3586.5, "B", "SMD", "$1N3002", "", "R", 300, 200, 0, 0, 180],
		[93, "PAD2_2", 4505, -333.5, "B", "SMD", "BAT+", "", "R", 300, 200, 0, 0, 180],
		[94, "PAD3_2", 4834.37, -2045, "T", "SMD", "+5V", "", "R", 55.512, 53.15, 0, 0, 0],
		[95, "PAD4_1", 4755.63, -2045, "T", "SMD", "GND", "GND", "R", 55.512, 53.15, 0, 0, 0],
		[96, "PAD5_2", 4835.5045, -1943.6715, "T", "SMD", "BAT+", "", "R", 55.512, 53.15, 0, 0, 0],
		[97, "PAD6_1", 4756.7645, -1943.6715, "T", "SMD", "GND", "GND", "R", 55.512, 53.15, 0, 0, 0],
		[98, "PAD7_2", 4263.65, -2810, "T", "SMD", "$1N641", "", "R", 39.37, 55.1, 0, 0, 180],
		[99, "PAD8_1", 4346.35, -2810, "T", "SMD", "+5V", "", "R", 39.37, 55.1, 0, 0, 180],
		[100, "PAD9_2", 4679.2625, -2812.7065, "T", "SMD", "$1N651", "", "R", 39.37, 55.1, 0, 0, 180],
		[101, "PAD10_1", 4761.9625, -2812.7065, "T", "SMD", "+5V", "", "R", 39.37, 55.1, 0, 0, 180],
		[102, "PAD11_2", 4174.76, -2237.21, "T", "SMD", "$1N649", "", "O", 13.898, 57.244, 0, 0, 270],
		[103, "PAD12_3", 4174.76, -2262.8, "T", "SMD", "$1N649", "", "O", 13.898, 57.244, 0, 0, 270],
		[104, "PAD13_4", 4174.76, -2288.39, "T", "SMD", "$1N648", "", "O", 13.898, 57.244, 0, 0, 270],
		[105, "PAD14_7", 4405.24, -2237.21, "T", "SMD", "GND", "GND", "O", 13.898, 57.244, 0, 0, 270],
		[106, "PAD15_6", 4405.24, -2262.8, "T", "SMD", "GND", "GND", "O", 13.898, 57.244, 0, 0, 270],
		[107, "PAD16_5", 4405.24, -2288.39, "T", "SMD", "$1N647", "", "O", 13.898, 57.244, 0, 0, 270],
		[108, "PAD17_2", 4343.04, -2650, "T", "SMD", "$1N639", "", "R", 44.588, 54.213, 0, 0, 0],
		[109, "PAD18_1", 4266.96, -2650, "T", "SMD", "$1N641", "", "R", 44.588, 54.213, 0, 0, 0],
		[110, "PAD19_2", 4757.0945, -2647.7065, "T", "SMD", "$1N640", "", "R", 44.588, 54.213, 0, 0, 0],
		[111, "PAD20_1", 4681.0145, -2647.7065, "T", "SMD", "$1N651", "", "R", 44.588, 54.213, 0, 0, 0],
		[112, "PAD21_2", 4235.4345, -2033.7865, "T", "SMD", "GND", "GND", "R", 44.588, 54.213, 0, 0, 270],
		[113, "PAD22_1", 4235.4345, -1957.7065, "T", "SMD", "$1N644", "", "R", 44.588, 54.213, 0, 0, 270],
		[114, "PAD23_1", 4385.5, -1920, "T", "SMD", "GND", "GND", "R", 23.622, 47.244, 0, 0, 270],
		[115, "PAD24_2", 4385.5, -1970, "T", "SMD", "$1N644", "", "R", 23.622, 47.244, 0, 0, 270],
		[116, "PAD25_3", 4385.5, -2020, "T", "SMD", "GND", "GND", "R", 23.622, 47.244, 0, 0, 270],
		[117, "PAD26_4", 4385.5, -2070, "T", "SMD", "+5V", "", "R", 23.622, 47.244, 0, 0, 270],
		[118, "PAD27_5", 4614.5, -2070, "T", "SMD", "BAT+", "", "R", 23.622, 47.244, 0, 0, 270],
		[119, "PAD28_6", 4614.5, -2020, "T", "SMD", "$1N640", "", "R", 23.622, 47.244, 0, 0, 270],
		[120, "PAD29_7", 4614.5, -1970, "T", "SMD", "$1N639", "", "R", 23.622, 47.244, 0, 0, 270],
		[121, "PAD30_8", 4614.5, -1920, "T", "SMD", "+5V", "", "R", 23.622, 47.244, 0, 0, 270],
		[122, "PAD31_9", 4500, -1995, "T", "SMD", "GND", "GND", "R", 129.921, 94.488, 0, 0, 90],
		[123, "PAD32_1", 4704.76, -2212.6, "T", "SMD", "$1N648", "", "R", 20.945, 42.205, 0, 0, 270],
		[124, "PAD33_3", 4704.76, -2287.4, "T", "SMD", "$1N647", "", "R", 20.945, 42.205, 0, 0, 270],
		[125, "PAD34_5", 4795.24, -2250, "T", "SMD", "BAT+", "", "R", 20.945, 42.205, 0, 0, 270],
		[126, "PAD35_6", 4795.24, -2212.6, "T", "SMD", "GND", "GND", "R", 20.945, 42.205, 0, 0, 270],
		[127, "PAD36_1", 4174.3775, -352.253, "T", "SMD", "BAT+", "", "R", 124.8, 50, 0, 0, 90],
		[128, "PAD37_2", 4274.3775, -352.253, "T", "SMD", "$1N2920", "", "R", 124.8, 50, 0, 0, 90],
		[129, "PAD38_1", 4808.305, -3321.695, "T", "SMD", "$1N2640", "", "R", 124.8, 50, 0, 0, 180],
		[130, "PAD39_2", 4808.305, -3221.695, "T", "SMD", "GND", "GND", "R", 124.8, 50, 0, 0, 180],
		[131, "PAD40_6", 4403.25, -3881.77, "T", "SMD", "GND", "GND", "R", 31.496, 80, 0, 0, 0],
		[132, "PAD41_5", 4354.85, -3881.77, "T", "SMD", "+5V", "", "R", 29.921, 80, 0, 0, 0],
		[133, "PAD42_2", 4235.15, -3881.77, "T", "SMD", "+5V", "", "R", 29.921, 80, 0, 0, 0],
		[134, "PAD43_1", 4186.75, -3881.77, "T", "SMD", "GND", "GND", "R", 31.496, 80, 0, 0, 0],
		[135, "PAD44_0", 4465.08, -3898.15, "T", "DIP", "GND", "GND", "O", 43.307, 70.866, 27.56, 55.16, 0],
		[136, "PAD44_0", 4465.08, -3898.15, "B", "DIP", "GND", "GND", "O", 43.307, 70.866, 27.56, 55.16, 0],
		[137, "PAD45_0", 4124.92, -3898.15, "T", "DIP", "GND", "GND", "O", 43.307, 70.866, 27.56, 55.16, 0],
		[138, "PAD45_0", 4124.92, -3898.15, "B", "DIP", "GND", "GND", "O", 43.307, 70.866, 27.56, 55.16, 0],
		[139, "PAD46_0", 4465.08, -4047.75, "T", "DIP", "GND", "GND", "O", 43.307, 70.866, 27.56, 55.16, 0],
		[140, "PAD46_0", 4465.08, -4047.75, "B", "DIP", "GND", "GND", "O", 43.307, 70.866, 27.56, 55.16, 0],
		[141, "PAD47_0", 4124.92, -4047.75, "T", "DIP", "GND", "GND", "O", 43.307, 70.866, 27.56, 55.16, 0],
		[142, "PAD47_0", 4124.92, -4047.75, "B", "DIP", "GND", "GND", "O", 43.307, 70.866, 27.56, 55.16, 0],
		[143, "PAD48_5", 4776.2, -3950.18, "T", "SMD", "GND", "GND", "R", 53.15, 15.748, 0, 0, 270],
		[144, "PAD49_1", 4673.8, -3950.18, "T", "SMD", "+5V", "", "R", 53.15, 15.748, 0, 0, 270],
		[145, "PAD50_0", 4872.63, -4059.82, "T", "SMD", "GND", "GND", "R", 59.055, 74.803, 0, 0, 0],
		[146, "PAD51_0", 4577.37, -4059.82, "T", "SMD", "GND", "GND", "R", 59.055, 74.803, 0, 0, 0],
		[147, "PAD52_0", 4673.82, -4059.82, "T", "SMD", "GND", "GND", "R", 74.803, 74.803, 0, 0, 0],
		[148, "PAD53_0", 4776.18, -4059.82, "T", "SMD", "GND", "GND", "R", 74.803, 74.803, 0, 0, 0],
		[149, "PAD54_1", 4835, -320, "T", "DIP", "BAT+", "", "R", 66.929, 66.929, 39.37, 39.37, 180],
		[150, "PAD54_1", 4835, -320, "B", "DIP", "BAT+", "", "R", 66.929, 66.929, 39.37, 39.37, 180],
		[151, "PAD55_2", 4735, -320, "T", "DIP", "$1N2861", "", "C", 66.929, 66.929, 39.37, 39.37, 180],
		[152, "PAD55_2", 4735, -320, "B", "DIP", "$1N2861", "", "C", 66.929, 66.929, 39.37, 39.37, 180],
		[153, "PAD56_1", 4675, -3850, "T", "DIP", "$1N2673", "", "R", 66.929, 66.929, 39.37, 39.37, 0],
		[154, "PAD56_1", 4675, -3850, "B", "DIP", "$1N2673", "", "R", 66.929, 66.929, 39.37, 39.37, 0],
		[155, "PAD57_2", 4775, -3850, "T", "DIP", "GND", "GND", "C", 66.929, 66.929, 39.37, 39.37, 0],
		[156, "PAD57_2", 4775, -3850, "B", "DIP", "GND", "GND", "C", 66.929, 66.929, 39.37, 39.37, 0],
		[157, "PAD58_1", 4255, -3675, "T", "DIP", "GND", "GND", "R", 70.866, 70.866, 47.244, 47.244, 90],
		[158, "PAD58_1", 4255, -3675, "B", "DIP", "GND", "GND", "R", 70.866, 70.866, 47.244, 47.244, 90],
		[159, "PAD59_2", 4255, -3575, "T", "DIP", "BAT+", "", "C", 70.866, 70.866, 47.244, 47.244, 90],
		[160, "PAD59_2", 4255, -3575, "B", "DIP", "BAT+", "", "C", 70.866, 70.866, 47.244, 47.244, 90],
		[161, "PAD60_1", 4207.8015, -2499.1445, "T", "SMD", "+5V", "", "R", 86.614, 66.929, 0, 0, 0],
		[162, "PAD61_2", 4409.8015, -2499.1445, "T", "SMD", "$1N2640", "", "R", 86.614, 66.929, 0, 0, 0],
		[163, "PAD62_1", 4617.1505, -2497.4075, "T", "SMD", "+5V", "", "R", 86.614, 66.929, 0, 0, 0],
		[164, "PAD63_2", 4819.1505, -2497.4075, "T", "SMD", "$1N2673", "", "R", 86.614, 66.929, 0, 0, 0],
		[165, "PAD64_1", 4342.6, -3389.37, "T", "SMD", "BAT+", "", "R", 49.213, 27.559, 0, 0, 270],
		[166, "PAD65_2", 4417.4, -3389.37, "T", "SMD", "$1N2861", "", "R", 49.213, 27.559, 0, 0, 270],
		[167, "PAD66_3", 4380, -3310.63, "T", "SMD", "GND", "GND", "R", 49.213, 27.559, 0, 0, 270],
		[168, "PAD67_1", 4517.6, -3389.37, "T", "SMD", "BAT+", "", "R", 49.213, 27.559, 0, 0, 270],
		[169, "PAD68_2", 4592.4, -3389.37, "T", "SMD", "$1N2920", "", "R", 49.213, 27.559, 0, 0, 270],
		[170, "PAD69_3", 4555, -3310.63, "T", "SMD", "GND", "GND", "R", 49.213, 27.559, 0, 0, 270],
		[171, "PAD70_1", 4167.6, -3389.37, "T", "SMD", "BAT+", "", "R", 49.213, 27.559, 0, 0, 270],
		[172, "PAD71_2", 4242.4, -3389.37, "T", "SMD", "$1N3002", "", "R", 49.213, 27.559, 0, 0, 270],
		[173, "PAD72_3", 4205, -3310.63, "T", "SMD", "GND", "GND", "R", 49.213, 27.559, 0, 0, 270]
	]
}
}