{
"lengthUnit": "mil",
"remark": [],
"components": {
	"fields": ["COMPONENT_NO", "COMPONENT_NAME", "LAYER", "X_COORDINATE", "Y_COORDINATE", "ANGLE"],
	"rows": [
		[1, "10kR", "T", 2348.8223, -1378.4445, 90],
		[2, "10kR", "T", 2350, -1855, 0],
		[3, "150R", "T", 2244.7143, -1379.8265, 90],
		[4, "150R", "T", 2454.7969, -1379.7015, 90],
		[5, "Detected", "T", 2350, -2105, 0],
		[6, "H1", "T", 2350, -2225, 0],
		[7, "IR Rx", "T", 2350, -1145, 0],
		[8, "IR Tx", "B", 2350, -1230, 180],
		[9, "LM358", "T", 2350, -1575, 270],
		[10, "PAD1", "T", 2300.01, -1145.01, 0],
		[11, "PAD1", "B", 2300.01, -1145.01, 0],
		[12, "PAD2", "T", 2400, -1145, 0],
		[13, "PAD2", "B", 2400, -1145, 0],
		[14, "PAD3", "T", 2250, -2225, 0],
		[15, "PAD3", "B", 2250, -2225, 0],
		[16, "PAD4", "T", 2350, -2225, 0],
		[17, "PAD4", "B", 2350, -2225, 0],
		[18, "PAD5", "T", 2450, -2225, 0],
		[19, "PAD5", "B", 2450, -2225, 0],
		[20, "PAD6", "T", 2400, -1230, 0],
		[21, "PAD6", "B", 2400, -1230, 0],
		[22, "PAD7", "T", 2300, -1230, 0],
		[23, "PAD7", "B", 2300, -1230, 0],
		[24, "PAD8", "T", 2308.65, -2105, 0],
		[25, "PAD9", "T", 2391.35, -2105, 0],
		[26, "PAD10", "T", 2244.7143, -1340.4565, 0],
		[27, "PAD11", "T", 2244.7143, -1419.1965, 0],
		[28, "PAD12", "T", 2454.7969, -1340.3315, 0],
		[29, "PAD13", "T", 2454.7969, -1419.0715, 0],
		[30, "PAD14", "T", 2348.8223, -1339.0745, 0],
		[31, "PAD15", "T", 2348.8223, -1417.8145, 0],
		[32, "PAD16", "T", 2251.575, -1953.425, 0],
		[33, "PAD16", "B", 2251.575, -1953.425, 0],
		[34, "PAD17", "T", 2448.425, -1953.425, 0],
		[35, "PAD17", "B", 2448.425, -1953.425, 0],
		[36, "PAD18", "T", 2350, -1756.575, 0],
		[37, "PAD18", "B", 2350, -1756.575, 0],
		[38, "PAD19", "T", 2244.39, -1500, 0],
		[39, "PAD20", "T", 2244.39, -1550, 0],
		[40, "PAD21", "T", 2244.39, -1600, 0],
		[41, "PAD22", "T", 2244.39, -1650, 0],
		[42, "PAD23", "T", 2455.61, -1500, 0]
	]
},
"pins": {
	"fields": ["PIN_NO", "PIN_NAME", "PIN_X", "PIN_Y", "LAYER", "PIN_TYPE", "NET_NAME", "NET_TYPE", "PAD_SHAPE", "PAD_SIZEX", "PAD_SIZEY", "HOLE_SIZE", "HOLE_LEN", "PAD_ANGLE"],
	"rows": [
		[1, "10kR_1", 2348.8223, -1417.8145, "T", "SMD", "GND", "GND", "R", 44.588, 54.213, 0, 0, 90],
		[2, "10kR_2", 2348.8223, -1339.0745, "T", "SMD", "$1N885", "", "R", 44.588, 54.213, 0, 0, 90],
		[3, "10kR_1", 2251.575, -1953.425, "T", "DIP", "+5V", "", "R", 86.614, 82.677, 39.37, 39.37, 0],
		[4, "10kR_1", 2251.575, -1953.425, "B", "DIP", "+5V", "", "R", 86.614, 82.677, 39.37, 39.37, 0],
		[5, "10kR_2", 2350, -1756.575, "T", "DIP", "$1N947", "", "C", 86.614, 86.614, 39.37, 39.37, 0],
		[6, "10kR_2", 2350, -1756.575, "B", "DIP", "$1N947", "", "C", 86.614, 86.614, 39.37, 39.37, 0],
		[7, "10kR_3", 2448.425, -1953.425, "T", "DIP", "GND", "GND", "C", 86.614, 86.614, 39.37, 39.37, 0],
		[8, "10kR_3", 2448.425, -1953.425, "B", "DIP", "GND", "GND", "C", 86.614, 86.614, 39.37, 39.37, 0],
		[9, "150R_1", 2244.7143, -1419.1965, "T", "SMD", "$1N746", "", "R", 44.588, 54.213, 0, 0, 90],
		[10, "150R_2", 2244.7143, -1340.4565, "T", "SMD", "GND", "GND", "R", 44.588, 54.213, 0, 0, 90],
		[11, "150R_1", 2454.7969, -1419.0715, "T", "SMD", "GND", "GND", "R", 44.588, 54.213, 0, 0, 90],
		[12, "150R_2", 2454.7969, -1340.3315, "T", "SMD", "$1N1031", "", "R", 44.588, 54.213, 0, 0, 90],
		[13, "Detected_1", 2391.35, -2105, "T", "SMD", "OUT", "", "R", 39.37, 55.1, 0, 0, 180],
		[14, "Detected_2", 2308.65, -2105, "T", "SMD", "$1N1031", "", "R", 39.37, 55.1, 0, 0, 180],
		[15, "H1_1", 2250, -2225, "T", "DIP", "+5V", "", "R", 66.929, 66.929, 43.308, 43.308, 0],
		[16, "H1_1", 2250, -2225, "B", "DIP", "+5V", "", "R", 66.929, 66.929, 43.308, 43.308, 0],
		[17, "H1_2", 2350, -2225, "T", "DIP", "OUT", "", "C", 66.929, 66.929, 43.308, 43.308, 0],
		[18, "H1_2", 2350, -2225, "B", "DIP", "OUT", "", "C", 66.929, 66.929, 43.308, 43.308, 0],
		[19, "H1_3", 2450, -2225, "T", "DIP", "GND", "GND", "C", 66.929, 66.929, 43.308, 43.308, 0],
		[20, "H1_3", 2450, -2225, "B", "DIP", "GND", "GND", "C", 66.929, 66.929, 43.308, 43.308, 0],
		[21, "IR Rx_1", 2300.01, -1145.01, "T", "DIP", "$1N885", "", "R", 64.96, 64.96, 32, 32, 0],
		[22, "IR Rx_1", 2300.01, -1145.01, "B", "DIP", "$1N885", "", "R", 64.96, 64.96, 32, 32, 0],
		[23, "IR Rx_2", 2400, -1145, "T", "DIP", "+5V", "", "C", 64.96, 64.96, 32, 32, 0],
		[24, "IR Rx_2", 2400, -1145, "B", "DIP", "+5V", "", "C", 64.96, 64.96, 32, 32, 0],
		[25, "IR Tx_+", 2400, -1230, "T", "DIP", "+5V", "", "R", 65, 65, 35, 35, 180],
		[26, "IR Tx_+", 2400, -1230, "B", "DIP", "+5V", "", "R", 65, 65, 35, 35, 180],
		[27, "IR Tx_-", 2300, -1230, "T", "DIP", "$1N746", "", "C", 65, 65, 35, 35, 180],
		[28, "IR Tx_-", 2300, -1230, "B", "DIP", "$1N746", "", "C", 65, 65, 35, 35, 180],
		[29, "LM358_1", 2244.39, -1500, "T", "SMD", "OUT", "", "O", 24.803, 73.425, 0, 0, 270],
		[30, "LM358_2", 2244.39, -1550, "T", "SMD", "$1N947", "", "O", 24.803, 73.425, 0, 0, 270],
		[31, "LM358_3", 2244.39, -1600, "T", "SMD", "$1N885", "", "O", 24.803, 73.425, 0, 0, 270],
		[32, "LM358_4", 2244.39, -1650, "T", "SMD", "GND", "GND", "O", 24.803, 73.425, 0, 0, 270],
		[33, "LM358_5", 2455.61, -1650, "T", "SMD", "NET_1", "", "O", 24.803, 73.425, 0, 0, 270],
		[34, "LM358_6", 2455.61, -1600, "T", "SMD", "NET_2", "", "O", 24.803, 73.425, 0, 0, 270],
		[35, "LM358_7", 2455.61, -1550, "T", "SMD", "NET_3", "", "O", 24.803, 73.425, 0, 0, 270],
		[36, "LM358_8", 2455.61, -1500, "T", "SMD", "+5V", "", "O", 24.803, 73.425, 0, 0, 270],
		[37, "PAD1_1", 2300.01, -1145.01, "T", "DIP", "$1N885", "", "R", 64.96, 64.96, 32, 32, 0],
		[38, "PAD1_1", 2300.01, -1145.01, "B", "DIP", "$1N885", "", "R", 64.96, 64.96, 32, 32, 0],
		[39, "PAD2_2", 2400, -1145, "T", "DIP", "+5V", "", "C", 64.96, 64.96, 32, 32, 0],
		[40, "PAD2_2", 2400, -1145, "B", "DIP", "+5V", "", "C", 64.96, 64.96, 32, 32, 0],
		[41, "PAD3_1", 2250, -2225, "T", "DIP", "+5V", "", "R", 66.929, 66.929, 43.308, 43.308, 0],
		[42, "PAD3_1", 2250, -2225, "B", "DIP", "+5V", "", "R", 66.929, 66.929, 43.308, 43.308, 0],
		[43, "PAD4_2", 2350, -2225, "T", "DIP", "OUT", "", "C", 66.929, 66.929, 43.308, 43.308, 0],
		[44, "PAD4_2", 2350, -2225, "B", "DIP", "OUT", "", "C", 66.929, 66.929, 43.308, 43.308, 0],
		[45, "PAD5_3", 2450, -2225, "T", "DIP", "GND", "GND", "C", 66.929, 66.929, 43.308, 43.308, 0],
		[46, "PAD5_3", 2450, -2225, "B", "DIP", "GND", "GND", "C", 66.929, 66.929, 43.308, 43.308, 0],
		[47, "PAD6_+", 2400, -1230, "T", "DIP", "+5V", "", "R", 65, 65, 35, 35, 180],
		[48, "PAD6_+", 2400, -1230, "B", "DIP", "+5V", "", "R", 65, 65, 35, 35, 180],
		[49, "PAD7_-", 2300, -1230, "T", "DIP", "$1N746", "", "C", 65, 65, 35, 35, 180],
		[50, "PAD7_-", 2300, -1230, "B", "DIP", "$1N746", "", "C", 65, 65, 35, 35, 180],
		[51, "PAD8_2", 2308.65, -2105, "T", "SMD", "$1N1031", "", "R", 39.37, 55.1, 0, 0, 180],
		[52, "PAD9_1", 2391.35, -2105, "T", "SMD", "OUT", "", "R", 39.37, 55.1, 0, 0, 180],
		[53, "PAD10_2", 2244.7143, -1340.4565, "T", "SMD", "GND", "GND", "R", 44.588, 54.213, 0, 0, 90],
		[54, "PAD11_1", 2244.7143, -1419.1965, "T", "SMD", "$1N746", "", "R", 44.588, 54.213, 0, 0, 90],
		[55, "PAD12_2", 2454.7969, -1340.3315, "T", "SMD", "$1N1031", "", "R", 44.588, 54.213, 0, 0, 90],
		[56, "PAD13_1", 2454.7969, -1419.0715, "T", "SMD", "GND", "GND", "R", 44.588, 54.213, 0, 0, 90],
		[57, "PAD14_2", 2348.8223, -1339.0745, "T", "SMD", "$1N885", "", "R", 44.588, 54.213, 0, 0, 90],
		[58, "PAD15_1", 2348.8223, -1417.8145, "T", "SMD", "GND", "GND", "R", 44.588, 54.213, 0, 0, 90],
		[59, "PAD16_1", 2251.575, -1953.425, "T", "DIP", "+5V", "", "R", 86.614, 82.677, 39.37, 39.37, 0],
		[60, "PAD16_1", 2251.575, -1953.425, "B", "DIP", "+5V", "", "R", 86.614, 82.677, 39.37, 39.37, 0],
		[61, "PAD17_3", 2448.425, -1953.425, "T", "DIP", "GND", "GND", "C", 86.614, 86.614, 39.37, 39.37, 0],
		[62, "PAD17_3", 2448.425, -1953.425, "B", "DIP", "GND", "GND", "C", 86.614, 86.614, 39.37, 39.37, 0],
		[63, "PAD18_2", 2350, -1756.575, "T", "DIP", "$1N947", "", "C", 86.614, 86.614, 39.37, 39.37, 0],
		[64, "PAD18_2", 2350, -1756.575, "B", "DIP", "$1N947", "", "C", 86.614, 86.614, 39.37, 39.37, 0],
		[65, "PAD19_1", 2244.39, -1500, "T", "SMD", "OUT", "", "O", 24.803, 73.425, 0, 0, 270],
		[66, "PAD20_2", 2244.39, -1550, "T", "SMD", "$1N947", "", "O", 24.803, 73.425, 0, 0, 270],
		[67, "PAD21_3", 2244.39, -1600, "T", "SMD", "$1N885", "", "O", 24.803, 73.425, 0, 0, 270],
		[68, "PAD22_4", 2244.39, -1650, "T", "SMD", "GND", "GND", "O", 24.803, 73.425, 0, 0, 270],
		[69, "PAD23_8", 2455.61, -1500, "T", "SMD", "+5V", "", "O", 24.803, 73.425, 0, 0, 270]
	]
}
}