{
"lengthUnit": "mil",
"components": {
	"fields": ["COMPONENT_NO", "COMPONENT_NAME", "LAYER", "X_COORDINATE", "Y_COORDINATE", "ANGLE"],
	"rows": [
		[1, "10uF", "T", 2451.02, -927.9, 0],
		[2, "10uF", "T", 2450, -785, 0],
		[3, "10uF", "T", 2450, -1070, 0],
		[4, "10uFN1", "T", 2451.02, -1211.98, 0],
		[5, "100uF", "T", 2863.25, -779.26, 0],
		[6, "100uF", "T", 2861.66, -1059.26, 0],
		[7, "100uF", "T", 3235.06, -1059.26, 0],
		[8, "100uF", "T", 2860.15, -1519.26, 0],
		[9, "100uF", "T", 3235.8, -782.71, 0],
		[10, "100uF", "T", 2859.2, -1717.71, 0],
		[11, "100uFN1", "T", 3237.6, -1302.71, 0],
		[12, "INPUT", "T", 2095, -980, 270],
		[13, "SL2.1A", "T", 3260, -1645, 270],
		[14, "SL2.1AN1", "T", 2440, -1640, 270],
		[15, "USB1", "T", 2475, -470, 180],
		[16, "USB2", "T", 3235, -470, 180],
		[17, "USB3", "T", 3686.92, -916.92, 90],
		[18, "USB5", "T", 3686.92, -1676.92, 90],
		[19, "USB6", "T", 3220, -2113.84, 0],
		[20, "USB7", "T", 2455, -2113.84, 0],
		[21, "USB8", "T", 2000, -1675, 270]
	]
},
"pins": {
	"fields": ["PIN_NO", "PIN_NAME", "PIN_X", "PIN_Y", "LAYER", "PIN_TYPE", "NET_NAME", "NET_TYPE", "PAD_SHAPE", "PAD_SIZEX", "PAD_SIZEY", "HOLE_SIZE", "PAD_ANGLE"],
	"rows": [
		[1, "10uF_1", 2411.65, -927.9, "T", "SMD", "$1N2710", "", "R", 55.51, 53.15, 0, 0],
		[2, "10uF_2", 2490.39, -927.9, "T", "SMD", "GND", "GND", "R", 55.51, 53.15, 0, 0],
		[3, "10uF_1", 2410.63, -785, "T", "SMD", "$1N2765", "", "R", 55.51, 53.15, 0, 0],
		[4, "10uF_2", 2489.37, -785, "T", "SMD", "GND", "GND", "R", 55.51, 53.15, 0, 0],
		[5, "10uF_1", 2410.63, -1070, "T", "SMD", "$1N3990", "", "R", 55.51, 53.15, 0, 0],
		[6, "10uF_2", 2489.37, -1070, "T", "SMD", "GND", "GND", "R", 55.51, 53.15, 0, 0],
		[7, "10uFN1_1", 2411.65, -1211.98, "T", "SMD", "$1N4020", "", "R", 55.51, 53.15, 0, 0],
		[8, "10uFN1_2", 2490.39, -1211.98, "T", "SMD", "GND", "GND", "R", 55.51, 53.15, 0, 0],
		[9, "100uF_1", 2800.55, -779.26, "T", "SMD", "GND", "GND", "R", 58.47, 68.03, 0, 0],
		[10, "100uF_2", 2925.95, -779.26, "T", "SMD", "VCC", "", "R", 58.47, 68.03, 0, 0],
		[11, "100uF_1", 2798.96, -1059.26, "T", "SMD", "GND", "GND", "R", 58.47, 68.03, 0, 0],
		[12, "100uF_2", 2924.36, -1059.26, "T", "SMD", "VCC", "", "R", 58.47, 68.03, 0, 0],
		[13, "100uF_1", 3172.36, -1059.26, "T", "SMD", "GND", "GND", "R", 58.47, 68.03, 0, 0],
		[14, "100uF_2", 3297.76, -1059.26, "T", "SMD", "VCC", "", "R", 58.47, 68.03, 0, 0],
		[15, "100uF_1", 2797.45, -1519.26, "T", "SMD", "GND", "GND", "R", 58.47, 68.03, 0, 0],
		[16, "100uF_2", 2922.85, -1519.26, "T", "SMD", "VCC", "", "R", 58.47, 68.03, 0, 0],
		[17, "100uF_1", 3173.1, -782.71, "T", "SMD", "GND", "GND", "R", 58.47, 68.03, 0, 0],
		[18, "100uF_2", 3298.5, -782.71, "T", "SMD", "VCC", "", "R", 58.47, 68.03, 0, 0],
		[19, "100uF_1", 2796.5, -1717.71, "T", "SMD", "GND", "GND", "R", 58.47, 68.03, 0, 0],
		[20, "100uF_2", 2921.9, -1717.71, "T", "SMD", "VCC", "", "R", 58.47, 68.03, 0, 0],
		[21, "100uFN1_1", 3174.9, -1302.71, "T", "SMD", "GND", "GND", "R", 58.47, 68.03, 0, 0],
		[22, "100uFN1_2", 3300.3, -1302.71, "T", "SMD", "VCC", "", "R", 58.47, 68.03, 0, 0],
		[23, "INPUT_1", 2095, -830, "T", "DIP", "VCC", "", "R", 66.93, 66.93, 43.31, 270],
		[24, "INPUT_1", 2095, -830, "B", "DIP", "VCC", "", "R", 66.93, 66.93, 43.31, 270],
		[25, "INPUT_2", 2095, -930, "T", "DIP", "D+", "", "C", 66.93, 66.93, 43.31, 270],
		[26, "INPUT_2", 2095, -930, "B", "DIP", "D+", "", "C", 66.93, 66.93, 43.31, 270],
		[27, "INPUT_3", 2095, -1030, "T", "DIP", "D-", "", "C", 66.93, 66.93, 43.31, 270],
		[28, "INPUT_3", 2095, -1030, "B", "DIP", "D-", "", "C", 66.93, 66.93, 43.31, 270],
		[29, "INPUT_4", 2095, -1130, "T", "DIP", "GND", "GND", "C", 66.93, 66.93, 43.31, 270],
		[30, "INPUT_4", 2095, -1130, "B", "DIP", "GND", "GND", "C", 66.93, 66.93, 43.31, 270],
		[31, "SL2.1A_1", 3146.91, -1470, "T", "SMD", "DM8", "", "O", 22.05, 68.7, 0, 270],
		[32, "SL2.1A_2", 3146.91, -1520, "T", "SMD", "DP8", "", "O", 22.05, 68.7, 0, 270],
		[33, "SL2.1A_3", 3146.91, -1570, "T", "SMD", "DM7", "", "O", 22.05, 68.7, 0, 270],
		[34, "SL2.1A_4", 3146.91, -1620, "T", "SMD", "DP7", "", "O", 22.05, 68.7, 0, 270],
		[35, "SL2.1A_5", 3146.91, -1670, "T", "SMD", "DM6", "", "O", 22.05, 68.7, 0, 270],
		[36, "SL2.1A_6", 3146.91, -1720, "T", "SMD", "DP6", "", "O", 22.05, 68.7, 0, 270],
		[37, "SL2.1A_7", 3146.91, -1770, "T", "SMD", "DM5", "", "O", 22.05, 68.7, 0, 270],
		[38, "SL2.1A_8", 3146.91, -1820, "T", "SMD", "DP5", "", "O", 22.05, 68.7, 0, 270],
		[39, "SL2.1A_9", 3373.09, -1820, "T", "SMD", "DM4", "", "O", 22.05, 68.7, 0, 270],
		[40, "SL2.1A_10", 3373.09, -1770, "T", "SMD", "DP4", "", "O", 22.05, 68.7, 0, 270],
		[41, "SL2.1A_11", 3373.09, -1720, "T", "SMD", "VCC", "", "O", 22.05, 68.7, 0, 270],
		[42, "SL2.1A_12", 3373.09, -1670, "T", "SMD", "GND", "GND", "O", 22.05, 68.7, 0, 270],
		[43, "SL2.1A_13", 3373.09, -1620, "T", "SMD", "$1N4020", "", "O", 22.05, 68.7, 0, 270],
		[44, "SL2.1A_14", 3373.09, -1570, "T", "SMD", "$1N3990", "", "O", 22.05, 68.7, 0, 270],
		[45, "SL2.1A_15", 3373.09, -1520, "T", "SMD", "SL2.1A_15", "", "O", 22.05, 68.7, 0, 270],
		[46, "SL2.1A_16", 3373.09, -1470, "T", "SMD", "GND", "GND", "O", 22.05, 68.7, 0, 270],
		[47, "SL2.1AN1_1", 2326.91, -1465, "T", "SMD", "DM4", "", "O", 22.05, 68.7, 0, 270],
		[48, "SL2.1AN1_2", 2326.91, -1515, "T", "SMD", "DP4", "", "O", 22.05, 68.7, 0, 270],
		[49, "SL2.1AN1_3", 2326.91, -1565, "T", "SMD", "DM3", "", "O", 22.05, 68.7, 0, 270],
		[50, "SL2.1AN1_4", 2326.91, -1615, "T", "SMD", "DP3", "", "O", 22.05, 68.7, 0, 270],
		[51, "SL2.1AN1_5", 2326.91, -1665, "T", "SMD", "DM2", "", "O", 22.05, 68.7, 0, 270],
		[52, "SL2.1AN1_6", 2326.91, -1715, "T", "SMD", "DP2", "", "O", 22.05, 68.7, 0, 270],
		[53, "SL2.1AN1_7", 2326.91, -1765, "T", "SMD", "DM1", "", "O", 22.05, 68.7, 0, 270],
		[54, "SL2.1AN1_8", 2326.91, -1815, "T", "SMD", "DP1", "", "O", 22.05, 68.7, 0, 270],
		[55, "SL2.1AN1_9", 2553.09, -1815, "T", "SMD", "D-", "", "O", 22.05, 68.7, 0, 270],
		[56, "SL2.1AN1_10", 2553.09, -1765, "T", "SMD", "D+", "", "O", 22.05, 68.7, 0, 270],
		[57, "SL2.1AN1_11", 2553.09, -1715, "T", "SMD", "VCC", "", "O", 22.05, 68.7, 0, 270],
		[58, "SL2.1AN1_12", 2553.09, -1665, "T", "SMD", "GND", "GND", "O", 22.05, 68.7, 0, 270],
		[59, "SL2.1AN1_13", 2553.09, -1615, "T", "SMD", "$1N2765", "", "O", 22.05, 68.7, 0, 270],
		[60, "SL2.1AN1_14", 2553.09, -1565, "T", "SMD", "$1N2710", "", "O", 22.05, 68.7, 0, 270],
		[61, "SL2.1AN1_15", 2553.09, -1515, "T", "SMD", "SL2.1AN1_15", "", "O", 22.05, 68.7, 0, 270],
		[62, "SL2.1AN1_16", 2553.09, -1465, "T", "SMD", "GND", "GND", "O", 22.05, 68.7, 0, 270],
		[63, "USB1_1", 2612.79, -602.88, "T", "DIP", "VCC", "", "C", 60, 60, 36, 180],
		[64, "USB1_1", 2612.79, -602.88, "B", "DIP", "VCC", "", "C", 60, 60, 36, 180],
		[65, "USB1_2", 2514.37, -602.88, "T", "DIP", "DM1", "", "C", 60, 60, 36, 180],
		[66, "USB1_2", 2514.37, -602.88, "B", "DIP", "DM1", "", "C", 60, 60, 36, 180],
		[67, "USB1_3", 2435.63, -602.88, "T", "DIP", "DP1", "", "C", 60, 60, 36, 180],
		[68, "USB1_3", 2435.63, -602.88, "B", "DIP", "DP1", "", "C", 60, 60, 36, 180],
		[69, "USB1_4", 2337.2, -602.88, "T", "DIP", "GND", "GND", "C", 60, 60, 36, 180],
		[70, "USB1_4", 2337.2, -602.88, "B", "DIP", "GND", "GND", "C", 60, 60, 36, 180],
		[71, "USB1_5", 2223.03, -337.12, "T", "DIP", "GND", "GND", "C", 90.55, 90.55, 62.99, 180],
		[72, "USB1_5", 2223.03, -337.12, "B", "DIP", "GND", "GND", "C", 90.55, 90.55, 62.99, 180],
		[73, "USB1_6", 2726.97, -337.13, "T", "DIP", "GND", "GND", "C", 90.55, 90.55, 62.99, 180],
		[74, "USB1_6", 2726.97, -337.13, "B", "DIP", "GND", "GND", "C", 90.55, 90.55, 62.99, 180],
		[75, "USB2_1", 3372.79, -602.88, "T", "DIP", "VCC", "", "C", 60, 60, 36, 180],
		[76, "USB2_1", 3372.79, -602.88, "B", "DIP", "VCC", "", "C", 60, 60, 36, 180],
		[77, "USB2_2", 3274.37, -602.88, "T", "DIP", "DM2", "", "C", 60, 60, 36, 180],
		[78, "USB2_2", 3274.37, -602.88, "B", "DIP", "DM2", "", "C", 60, 60, 36, 180],
		[79, "USB2_3", 3195.63, -602.88, "T", "DIP", "DP2", "", "C", 60, 60, 36, 180],
		[80, "USB2_3", 3195.63, -602.88, "B", "DIP", "DP2", "", "C", 60, 60, 36, 180],
		[81, "USB2_4", 3097.2, -602.88, "T", "DIP", "GND", "GND", "C", 60, 60, 36, 180],
		[82, "USB2_4", 3097.2, -602.88, "B", "DIP", "GND", "GND", "C", 60, 60, 36, 180],
		[83, "USB2_5", 2983.03, -337.13, "T", "DIP", "GND", "GND", "C", 90.55, 90.55, 62.99, 180],
		[84, "USB2_5", 2983.03, -337.13, "B", "DIP", "GND", "GND", "C", 90.55, 90.55, 62.99, 180],
		[85, "USB2_6", 3486.97, -337.13, "T", "DIP", "GND", "GND", "C", 90.55, 90.55, 62.99, 180],
		[86, "USB2_6", 3486.97, -337.13, "B", "DIP", "GND", "GND", "C", 90.55, 90.55, 62.99, 180],
		[87, "USB3_1", 3554.04, -1054.71, "T", "DIP", "VCC", "", "C", 60, 60, 36, 90],
		[88, "USB3_1", 3554.04, -1054.71, "B", "DIP", "VCC", "", "C", 60, 60, 36, 90],
		[89, "USB3_2", 3554.04, -956.29, "T", "DIP", "DM3", "", "C", 60, 60, 36, 90],
		[90, "USB3_2", 3554.04, -956.29, "B", "DIP", "DM3", "", "C", 60, 60, 36, 90],
		[91, "USB3_3", 3554.04, -877.55, "T", "DIP", "DP3", "", "C", 60, 60, 36, 90],
		[92, "USB3_3", 3554.04, -877.55, "B", "DIP", "DP3", "", "C", 60, 60, 36, 90],
		[93, "USB3_4", 3554.04, -779.12, "T", "DIP", "GND", "GND", "C", 60, 60, 36, 90],
		[94, "USB3_4", 3554.04, -779.12, "B", "DIP", "GND", "GND", "C", 60, 60, 36, 90],
		[95, "USB3_5", 3819.79, -664.95, "T", "DIP", "GND", "GND", "C", 90.55, 90.55, 62.99, 90],
		[96, "USB3_5", 3819.79, -664.95, "B", "DIP", "GND", "GND", "C", 90.55, 90.55, 62.99, 90],
		[97, "USB3_6", 3819.79, -1168.89, "T", "DIP", "GND", "GND", "C", 90.55, 90.55, 62.99, 90],
		[98, "USB3_6", 3819.79, -1168.89, "B", "DIP", "GND", "GND", "C", 90.55, 90.55, 62.99, 90],
		[99, "USB5_1", 3554.04, -1814.71, "T", "DIP", "VCC", "", "C", 60, 60, 36, 90],
		[100, "USB5_1", 3554.04, -1814.71, "B", "DIP", "VCC", "", "C", 60, 60, 36, 90],
		[101, "USB5_2", 3554.04, -1716.29, "T", "DIP", "DM8", "", "C", 60, 60, 36, 90],
		[102, "USB5_2", 3554.04, -1716.29, "B", "DIP", "DM8", "", "C", 60, 60, 36, 90],
		[103, "USB5_3", 3554.04, -1637.55, "T", "DIP", "DP8", "", "C", 60, 60, 36, 90],
		[104, "USB5_3", 3554.04, -1637.55, "B", "DIP", "DP8", "", "C", 60, 60, 36, 90],
		[105, "USB5_4", 3554.04, -1539.12, "T", "DIP", "GND", "GND", "C", 60, 60, 36, 90],
		[106, "USB5_4", 3554.04, -1539.12, "B", "DIP", "GND", "GND", "C", 60, 60, 36, 90],
		[107, "USB5_5", 3819.79, -1424.95, "T", "DIP", "GND", "GND", "C", 90.55, 90.55, 62.99, 90],
		[108, "USB5_5", 3819.79, -1424.95, "B", "DIP", "GND", "GND", "C", 90.55, 90.55, 62.99, 90],
		[109, "USB5_6", 3819.79, -1928.89, "T", "DIP", "GND", "GND", "C", 90.55, 90.55, 62.99, 90],
		[110, "USB5_6", 3819.79, -1928.89, "B", "DIP", "GND", "GND", "C", 90.55, 90.55, 62.99, 90],
		[111, "USB6_1", 3082.21, -1980.96, "T", "DIP", "VCC", "", "C", 60, 60, 36, 0],
		[112, "USB6_1", 3082.21, -1980.96, "B", "DIP", "VCC", "", "C", 60, 60, 36, 0],
		[113, "USB6_2", 3180.63, -1980.96, "T", "DIP", "DM5", "", "C", 60, 60, 36, 0],
		[114, "USB6_2", 3180.63, -1980.96, "B", "DIP", "DM5", "", "C", 60, 60, 36, 0],
		[115, "USB6_3", 3259.37, -1980.96, "T", "DIP", "DP5", "", "C", 60, 60, 36, 0],
		[116, "USB6_3", 3259.37, -1980.96, "B", "DIP", "DP5", "", "C", 60, 60, 36, 0],
		[117, "USB6_4", 3357.8, -1980.96, "T", "DIP", "GND", "GND", "C", 60, 60, 36, 0],
		[118, "USB6_4", 3357.8, -1980.96, "B", "DIP", "GND", "GND", "C", 60, 60, 36, 0],
		[119, "USB6_5", 3471.97, -2246.71, "T", "DIP", "GND", "GND", "C", 90.55, 90.55, 62.99, 0],
		[120, "USB6_5", 3471.97, -2246.71, "B", "DIP", "GND", "GND", "C", 90.55, 90.55, 62.99, 0],
		[121, "USB6_6", 2968.03, -2246.71, "T", "DIP", "GND", "GND", "C", 90.55, 90.55, 62.99, 0],
		[122, "USB6_6", 2968.03, -2246.71, "B", "DIP", "GND", "GND", "C", 90.55, 90.55, 62.99, 0],
		[123, "USB7_1", 2317.21, -1980.96, "T", "DIP", "VCC", "", "C", 60, 60, 36, 0],
		[124, "USB7_1", 2317.21, -1980.96, "B", "DIP", "VCC", "", "C", 60, 60, 36, 0],
		[125, "USB7_2", 2415.63, -1980.96, "T", "DIP", "DM6", "", "C", 60, 60, 36, 0],
		[126, "USB7_2", 2415.63, -1980.96, "B", "DIP", "DM6", "", "C", 60, 60, 36, 0],
		[127, "USB7_3", 2494.37, -1980.96, "T", "DIP", "DP6", "", "C", 60, 60, 36, 0],
		[128, "USB7_3", 2494.37, -1980.96, "B", "DIP", "DP6", "", "C", 60, 60, 36, 0],
		[129, "USB7_4", 2592.8, -1980.96, "T", "DIP", "GND", "GND", "C", 60, 60, 36, 0],
		[130, "USB7_4", 2592.8, -1980.96, "B", "DIP", "GND", "GND", "C", 60, 60, 36, 0],
		[131, "USB7_5", 2706.97, -2246.71, "T", "DIP", "GND", "GND", "C", 90.55, 90.55, 62.99, 0],
		[132, "USB7_5", 2706.97, -2246.71, "B", "DIP", "GND", "GND", "C", 90.55, 90.55, 62.99, 0],
		[133, "USB7_6", 2203.03, -2246.71, "T", "DIP", "GND", "GND", "C", 90.55, 90.55, 62.99, 0],
		[134, "USB7_6", 2203.03, -2246.71, "B", "DIP", "GND", "GND", "C", 90.55, 90.55, 62.99, 0],
		[135, "USB8_1", 2132.88, -1537.21, "T", "DIP", "VCC", "", "C", 60, 60, 36, 270],
		[136, "USB8_1", 2132.88, -1537.21, "B", "DIP", "VCC", "", "C", 60, 60, 36, 270],
		[137, "USB8_2", 2132.88, -1635.63, "T", "DIP", "DM7", "", "C", 60, 60, 36, 270],
		[138, "USB8_2", 2132.88, -1635.63, "B", "DIP", "DM7", "", "C", 60, 60, 36, 270],
		[139, "USB8_3", 2132.88, -1714.37, "T", "DIP", "DP7", "", "C", 60, 60, 36, 270],
		[140, "USB8_3", 2132.88, -1714.37, "B", "DIP", "DP7", "", "C", 60, 60, 36, 270],
		[141, "USB8_4", 2132.88, -1812.8, "T", "DIP", "GND", "GND", "C", 60, 60, 36, 270],
		[142, "USB8_4", 2132.88, -1812.8, "B", "DIP", "GND", "GND", "C", 60, 60, 36, 270],
		[143, "USB8_5", 1867.13, -1926.97, "T", "DIP", "GND", "GND", "C", 90.55, 90.55, 62.99, 270],
		[144, "USB8_5", 1867.13, -1926.97, "B", "DIP", "GND", "GND", "C", 90.55, 90.55, 62.99, 270],
		[145, "USB8_6", 1867.13, -1423.03, "T", "DIP", "GND", "GND", "C", 90.55, 90.55, 62.99, 270],
		[146, "USB8_6", 1867.13, -1423.03, "B", "DIP", "GND", "GND", "C", 90.55, 90.55, 62.99, 270]
	]
}
}